published_date,open,high,low,close,per_change,traded_quantity,traded_amount,status
5/12/2020,1250.95,1250.95,1226.15,1226.15,-2.02,0,104372646,0
5/13/2020,1225.68,1225.68,1201.57,1201.57,-2,0,3613523,0
6/29/2020,1197.09,1200.64,1149.73,1188.7,-1.07,0,347771833,0
6/30/2020,1187.25,1260.75,1185.72,1260.75,6.06,0,227212194,0
7/1/2020,1261.54,1336.52,1261.54,1336.52,6.01,0,407352247,0
7/2/2020,1351.89,1362.35,1256.11,1256.11,-6.02,0,476654971,0
7/5/2020,1256.18,1280.93,1246.8,1265.45,0.74,0,1033390231,0
7/6/2020,1266.08,1298.73,1259.94,1298.73,2.63,0,927841329,0
7/7/2020,1299.72,1345.96,1299.72,1336.66,2.92,0,1199041859,0
7/8/2020,1338.54,1343.59,1319.1,1326.53,-0.76,0,1078462141,0
7/9/2020,1327.13,1333.25,1312.01,1331.27,0.34,0,908086197,0
7/12/2020,1331.31,1351.82,1331.31,1340.29,0.69,0,1111090272,0
7/13/2020,1342.59,1352.69,1334.17,1342.4,0.16,0,1088716118,0
7/14/2020,1344.42,1349.24,1340.66,1347.44,0.38,0,994545109,0
7/15/2020,1347.88,1367.82,1347.88,1362.34,1.11,0,1160491522,0
7/16/2020,1364.24,1395.82,1362.62,1394.77,2.38,0,1041770867,0
7/19/2020,1408.51,1479.03,1408.51,1479.03,6.04,0,62566293,0
7/20/2020,1539.37,1556.19,1460.15,1464.94,-0.96,0,2802233715,0
7/21/2020,1472.19,1479.3,1444.5,1449.94,-1.02,0,1872220447,0
7/22/2020,1452.78,1461.29,1429.65,1432.44,-1.21,0,1532511716,0
7/23/2020,1434.08,1440.32,1417.32,1442.61,0.71,0,1327135218,0
7/26/2020,1445.6,1464.88,1444.77,1465.1,1.55,0,1942679380,0
7/27/2020,1467.89,1475.2,1456.47,1462.48,-0.18,0,1793915286,0
7/28/2020,1463.81,1466.04,1449.86,1454.89,-0.52,0,1259751557,0
7/29/2020,1452.07,1452.07,1431.46,1431.52,-1.61,0,1687093091,0
7/30/2020,1433.14,1444.06,1421.07,1439.06,0.53,0,1320266678,0
8/2/2020,1441.26,1441.26,1396.02,1396.28,-2.97,0,1841242332,0
8/3/2020,1395.08,1411.13,1384.86,1403.86,0.54,0,1290252213,0
8/5/2020,1403.88,1403.88,1374.13,1382.66,-1.51,0,1189526408,0
8/6/2020,1387.44,1388.68,1365.66,1381.37,-0.09,0,920997056,0
8/9/2020,1383.98,1392.68,1363.22,1392.68,0.82,0,977895525,0
8/10/2020,1394.78,1430.41,1394.34,1430.41,2.71,0,1555518923,0
8/11/2020,1433.35,1441.31,1421.17,1423.81,-0.46,0,1271738914,0
8/12/2020,1426.55,1427.15,1413.55,1425.32,0.11,0,951960208,0
8/13/2020,1431.89,1431.89,1407.43,1408.79,-1.16,0,1048911791,0
8/16/2020,1407.85,1407.85,1381.89,1391.46,-1.23,0,1259320850,0
8/17/2020,1391.79,1402.21,1385.7,1402.21,0.77,0,1074932597,0
8/18/2020,1403.98,1414.29,1400.81,1407.89,0.41,0,1239017426,0
8/19/2020,1409.44,1409.44,1388.17,1391.29,-1.18,0,976235059,0
8/20/2020,1392.89,1403.75,1392.89,1397.57,0.45,0,393129068,0
8/23/2020,1399.48,1410.34,1394.09,1410.34,0.91,0,1108053597,0
8/24/2020,1413.09,1431.6,1413.09,1431.6,1.51,0,2139202075,0
8/25/2020,1435.21,1440.94,1428.74,1440.94,0.65,0,1855180510,0
8/26/2020,1445.47,1468.03,1445.47,1462.03,1.46,0,2656163730,0
8/27/2020,1467.07,1472.73,1454.96,1458.04,-0.27,0,1981761050,0
8/30/2020,1459.16,1462.67,1444.92,1462.67,0.32,0,1614554300,0
8/31/2020,1466.57,1489.01,1466.57,1484.99,1.53,0,3462586125,0
9/2/2020,1509.4,1519.78,1499.72,1510.57,1.72,0,4181036115,0
9/3/2020,1524.19,1524.67,1497.47,1510.42,-0.01,0,2634886231,0
9/6/2020,1538.42,1538.42,1494.97,1499.97,-0.69,0,2782377887,0
9/7/2020,1503.37,1503.37,1483.65,1487.81,-0.81,0,2164930214,0
9/8/2020,1491.33,1500.15,1477.25,1495.15,0.49,0,1798363063,0
9/9/2020,1501.86,1511.93,1495.11,1508.2,0.87,0,2563415186,0
9/10/2020,1514.13,1532.48,1512.53,1520.69,0.83,0,2170068283,0
9/13/2020,1528.15,1537.25,1522.28,1537.25,1.09,0,3386859972,0
9/14/2020,1545.68,1553.56,1538.43,1540.51,0.21,0,3134135908,0
9/15/2020,1544.71,1548.35,1531.05,1536.03,-0.29,0,1800197903,0
9/16/2020,1537.35,1543.98,1530.67,1541.4,0.35,0,1845634030,0
9/17/2020,1555.86,1577.99,1547.13,1572.18,2,0,3315664319,0
9/20/2020,1595.47,1605.12,1574.08,1575.18,0.19,0,2742795692,0
9/21/2020,1587.82,1587.99,1561.49,1569.06,-0.39,0,2637376216,0
9/22/2020,1576.55,1577.19,1541.75,1546.15,-1.46,0,2810425268,0
9/23/2020,1543.37,1555.52,1535.03,1555.52,0.61,0,1727821707,0
9/24/2020,1565.31,1565.31,1554.38,1561.27,0.37,0,2233489024,0
9/27/2020,1569.06,1575.43,1562.11,1565.55,0.27,0,3138243371,0
9/28/2020,1566.44,1569.31,1557.42,1560.83,-0.3,0,1690154525,0
9/29/2020,1564.92,1564.92,1552.77,1553.62,-0.46,0,1829872968,0
9/30/2020,1561.58,1563.4,1542.57,1550.43,-0.21,0,1953636694,0
10/1/2020,1553.95,1572.94,1553.95,1571.04,1.33,0,2807708137,0
10/4/2020,1577.77,1588.05,1577.77,1585.75,0.94,0,3178853719,0
10/5/2020,1587.31,1594.89,1580.65,1582.12,-0.23,0,2578607088,0
10/6/2020,1588.01,1588.01,1581.75,1586.29,0.26,0,2510585332,0
10/7/2020,1593.04,1602.14,1587.59,1600.97,0.93,0,3358506296,0
10/8/2020,1607.52,1614.04,1586.96,1589.63,-0.71,0,2862712521,0
10/11/2020,1594.01,1594.36,1574.62,1576.27,-0.84,0,2395432599,0
10/12/2020,1580.14,1580.8,1566.7,1578.01,0.11,0,1949060194,0
10/13/2020,1583.29,1584.28,1567.23,1568.59,-0.6,0,1819638977,0
10/14/2020,1572.35,1573.08,1560.45,1561.17,-0.47,0,1496387992,0
10/15/2020,1564.69,1579.55,1560.69,1562.46,0.08,0,1425890738,0
10/18/2020,1565.9,1567.89,1554.14,1556.8,-0.36,0,1252748181,0
10/19/2020,1556.85,1570.38,1555.46,1570.38,0.87,0,954656107,0
10/20/2020,1576.62,1583.6,1573.06,1583.6,0.84,0,1271829990,0
10/21/2020,1591.04,1597.71,1588.78,1597.71,0.88,0,1633246148,0
10/22/2020,1609.11,1609.52,1596.22,1606.25,0.53,0,1994543919,0
10/28/2020,1612.5,1647.45,1612.37,1647.45,2.57,0,2725994069,0
10/29/2020,1661.64,1663.41,1640.48,1645.67,-0.11,0,3037694845,0
11/1/2020,1654.15,1654.15,1634.63,1640.95,-0.29,0,2930939007,0
11/2/2020,1644.01,1646.9,1635.64,1637.63,-0.2,0,2453954688,0
11/3/2020,1636.2,1644.61,1635.15,1643.03,0.33,0,2237964572,0
11/4/2020,1645.53,1645.7,1638.69,1640.64,-0.15,0,1757423745,0
11/5/2020,1644.94,1645.08,1634.38,1636.17,-0.27,0,2842469177,0
11/8/2020,1643.29,1648.58,1637.8,1648.58,0.76,0,3526777261,0
11/9/2020,1648.75,1661.32,1648.75,1652.8,0.26,0,3699879726,0
11/10/2020,1660.37,1678.79,1659.18,1678.79,1.57,0,4096190256,0
11/11/2020,1681.82,1707.67,1681.82,1707.67,1.72,0,4099604742,0
11/12/2020,1713.71,1722.32,1702.7,1718.49,0.63,0,4256475891,0
11/18/2020,1714.86,1741.81,1708.87,1741.81,1.36,0,4791041649,0
11/19/2020,1750.42,1779.21,1750.42,1778.12,2.08,0,6116730071,0
11/22/2020,1791.21,1811.63,1761.75,1782.81,0.26,0,6878787665,0
11/23/2020,1789.35,1792.41,1772.11,1780.43,-0.13,0,4762704611,0
11/24/2020,1790.19,1813.86,1786.71,1810.11,1.67,0,5442950189,0
11/25/2020,1820.87,1874.81,1820.87,1874.81,3.57,0,6817774994,0
11/26/2020,1894.78,1926.91,1879,1893.24,0.98,0,7613030091,0
11/29/2020,1912.11,1971.42,1912.11,1968.27,3.96,0,9227348348,0
11/30/2020,2000,2028.45,1971.24,1997.05,1.46,0,8867714682,0
12/1/2020,2009.46,2022.25,1966.18,2000.4,0.17,0,7404154007,0
12/2/2020,2016.82,2077.7,2016.82,2071.02,3.53,0,7463482972,0
12/3/2020,2090.79,2118.41,2040.99,2055.45,-0.75,0,8026023798,0
12/6/2020,2051.51,2051.51,1932.11,1932.11,-6,0,7209180213,0
12/7/2020,1929.46,2004.39,1914.42,2004.39,3.74,0,6667956831,0
12/8/2020,2033.97,2047.35,1982.07,1995.35,-0.45,0,5719436384,0
12/9/2020,2006.4,2009.81,1948.98,1955.75,-1.98,0,4745649292,0
12/10/2020,1954.6,1974.12,1938.92,1964.02,0.42,0,4146321050,0
12/13/2020,1973.75,2010.45,1967.44,2010.45,2.36,0,4899484131,0
12/14/2020,2022.72,2069.06,2022.72,2067.17,2.82,0,7204136923,0
12/15/2020,2085.56,2100.96,2050.9,2061.41,-0.28,0,6069331687,0
12/16/2020,2097.2,2097.2,2041.85,2055.22,-0.3,0,5144675578,0
12/17/2020,2058.72,2059.8,2025.19,2032.51,-1.1,0,6769890815,0
12/20/2020,2046.57,2046.57,1935.4,1935.63,-4.77,0,8612857317,0
12/21/2020,1919.05,1977.42,1874.07,1965.96,1.57,0,6698874354,0
12/22/2020,1987.47,2061.41,1987.47,2061.41,4.86,0,6740744432,0
12/23/2020,2094.27,2127.22,2063.13,2068.45,0.34,0,6862445215,0
12/24/2020,2091.59,2091.59,2025.65,2038.63,-1.44,0,5369046322,0
12/27/2020,2047.12,2047.19,1994.8,1998.65,-1.96,0,4623452312,0
12/28/2020,1998.81,2013.51,1981.5,2007.29,0.43,0,3850320045,0
12/29/2020,2016.26,2031.47,2009.38,2012.89,0.28,0,4092227802,0
12/30/2020,2023.59,2062.06,2023.4,2062.06,2.44,0,4446222579,0
12/31/2020,2079.37,2112.59,2073.8,2087.27,1.22,0,5703469837,0
1/3/2021,2104.85,2175.39,2104.85,2175.39,4.22,0,6344017889,0
1/4/2021,2207.05,2216.44,2154,2169.04,-0.29,0,5961733122,0
1/5/2021,2167.82,2182.39,2149.74,2165.49,-0.16,0,4566381178,0
1/6/2021,2170.82,2185.2,2170.31,2178.57,0.6,0,4425472339,0
1/7/2021,2181.27,2204.97,2179.09,2194.48,0.73,0,5874708279,0
1/10/2021,2201.38,2238.24,2201.38,2235.72,1.88,0,6326646806,0
1/11/2021,2264.27,2266.44,2229.13,2239.42,0.17,0,5524832993,0
1/12/2021,2243.16,2267.73,2233.61,2267.73,1.26,0,4982391897,0
1/13/2021,2279.04,2296.17,2277.26,2286.54,0.83,0,5914389261,0
1/17/2021,2299.33,2316.8,2297.5,2315,1.24,0,6374267782,0
1/18/2021,2333.87,2340.57,2319.58,2332.31,0.75,0,6314664167,0
1/19/2021,2361.99,2362.86,2304.98,2326.9,-0.24,0,7467439848,0
1/20/2021,2361.52,2362.99,2322.72,2342.76,0.68,0,6210966026,0
1/21/2021,2372.86,2376.13,2354.7,2374.64,1.36,0,7798528433,0
1/24/2021,2396.74,2429.11,2396.74,2424.84,2.11,0,9376053220,0
1/25/2021,2447.01,2456.22,2408.87,2440.87,0.66,0,8903538731,0
1/26/2021,2461.42,2462.28,2419.89,2423.09,-0.73,0,8279701077,0
1/27/2021,2433.74,2449.42,2416.62,2441.85,0.77,0,8006238770,0
1/28/2021,2460.83,2460.83,2420.64,2425.29,-0.68,0,9898456128,0
1/31/2021,2425.53,2425.53,2366.46,2370.54,-2.26,0,8973206450,0
2/1/2021,2372.04,2413.18,2372.04,2408.24,1.59,0,6972936529,0
2/2/2021,2434.48,2473.73,2429.9,2473.73,2.72,0,8593472987,0
2/3/2021,2490.53,2519.85,2457.99,2466.92,-0.28,0,9531716496,0
2/4/2021,2479.6,2481.59,2443.68,2475.26,0.34,0,7615071093,0
2/7/2021,2486.79,2524,2486.79,2524,1.97,0,10441951304,0
2/8/2021,2553.78,2563.29,2538.83,2561.47,1.48,0,10619163869,0
2/9/2021,2562.43,2585.15,2524.44,2534.37,-1.06,0,8146269193,0
2/10/2021,2544.8,2547.76,2511.03,2543.03,0.34,0,7649411398,0
2/11/2021,2552.33,2565.13,2524.81,2526.92,-0.63,0,8411732003,0
2/14/2021,2536.47,2536.47,2482.24,2493.59,-1.32,0,6927668931,0
2/15/2021,2517.46,2586.01,2538.22,2586.01,3.71,0,10384197669,0
2/16/2021,2615.36,2631.37,2584.14,2601.51,0.6,0,10035454955,0
2/17/2021,2619.8,2623.64,2596.19,2611.45,0.38,0,8035510844,0
2/18/2021,2634.47,2642.47,2619.17,2636.68,0.97,0,8762146785,0
2/21/2021,2667.27,2667.59,2619.58,2640.34,0.14,0,8834603967,0
2/22/2021,2665.86,2673.85,2603.86,2607.67,-1.24,0,8406310671,0
2/23/2021,2627.33,2627.33,2519.41,2586.51,-0.81,0,8561539426,0
2/24/2021,2600.32,2620.45,2498.58,2599.07,0.49,0,6701872439,0
2/25/2021,2622.7,2622.77,2547.84,2554.13,-1.73,0,6098188414,0
2/28/2021,2557.79,2559.43,2474.39,2474.39,-3.12,0,8355289814,0
3/1/2021,2488.33,2524.4,2442.6,2515.03,1.64,0,5692316831,0
3/2/2021,2523.45,2529.64,2437.25,2455.33,-2.37,0,6119638669,0
3/3/2021,2449.23,2428.88,2391.4,2416,-1.6,0,6254809442,0
3/4/2021,2425.2,2506.68,2427.25,2506.68,3.75,0,6058104317,0
3/7/2021,2519.96,2525.3,2473.57,2485.09,-0.86,0,5005466480,0
3/9/2021,2494.05,2494.05,2453.53,2461.88,-0.93,0,4752708147,0
3/10/2021,2476.93,2477.71,2446.33,2458.48,-0.14,0,4100406337,0
3/14/2021,2466.26,2467.2,2397.52,2407.25,-2.08,0,4952722195,0
3/15/2021,2418.51,2432.17,2380.16,2389.19,-0.75,0,4248424066,0
3/16/2021,2400.04,2416.84,2369.66,2391.74,0.11,0,3375699339,0
3/17/2021,2399.21,2432.14,2390.42,2432.14,1.69,0,3374552178,0
3/18/2021,2448.72,2476.36,2441.65,2475.09,1.77,0,4661792187,0
3/21/2021,2494.48,2538.46,2492.9,2538.46,2.56,0,5919824569,0
3/22/2021,2564.07,2568.07,2509.38,2514.39,-0.95,0,5351353625,0
3/23/2021,2524.43,2531.04,2496.38,2528.95,0.58,0,5141897169,0
3/24/2021,2550.07,2570.26,2550.07,2570.25,1.63,0,6674423941,0
3/25/2021,2584.79,2594.25,2544.15,2548.97,-0.83,0,6500806040,0
3/29/2021,2558.23,2562.03,2537.82,2543.52,-0.21,0,4410345030,0
3/30/2021,2545.54,2575.95,2545.54,2575.67,1.26,0,6185679498,0
3/31/2021,2596.66,2619.02,2592.99,2619.03,1.68,0,6166957318,0
4/1/2021,2645.49,2645.49,2615.43,2631.89,0.49,0,7250924124,0
4/4/2021,2658.3,2658.55,2646.59,2657.61,0.98,0,9006858558,0
4/5/2021,2679.38,2681.76,2639.92,2658.74,0.04,0,7296760156,0
4/6/2021,2675.57,2675.57,2642.17,2674.46,0.59,0,7477795738,0
4/7/2021,2694.54,2694.54,2668.34,2671.61,-0.11,0,7266972570,0
4/8/2021,2690.12,2690.12,2672.48,2674.35,0.1,0,6556616680,0
4/12/2021,2681.6,2693.7,2671.89,2691.55,0.64,0,7610828050,0
4/13/2021,2698.07,2714.79,2688.48,2714.79,0.86,0,7143151000,0
4/15/2021,2735.4,2755,2732.41,2735.46,0.76,0,8636668659,0
4/18/2021,2759.89,2759.89,2697.88,2699.51,-1.31,0,8801803215,0
4/19/2021,2715.83,2716.18,2656.63,2661.93,-1.39,0,6766801224,0
4/20/2021,2673.24,2684.55,2646.43,2664.61,0.1,0,5538617640,0
4/21/2021,2674.82,2674.82,2625.92,2632.2,-1.22,0,5772251203,0
4/22/2021,2647.11,2650.14,2609.75,2648,0.6,0,5915139888,0
4/25/2021,2664.69,2664.7,2564.43,2572.22,-2.86,0,7284194901,0
4/26/2021,2571.49,2579.18,2501.38,2506.61,-2.55,0,6590928202,0
4/27/2021,2506.52,2599.08,2506.52,2599.07,3.69,0,5109096957,0
4/28/2021,2606.56,2622.43,2564.73,2585.28,-0.53,0,3990431236,0
4/29/2021,2601.21,2611.37,2583.18,2611.1,1,0,4357019249,0
5/2/2021,2627.81,2665.1,2611.03,2665.11,2.07,0,7360800500,0
5/3/2021,2676.45,2692.89,2645.8,2652.75,-0.46,0,7529290146,0
5/4/2021,2652.27,2663.39,2640.63,2654.69,0.07,0,6052236811,0
5/5/2021,2675.95,2675.95,2648.74,2649.6,-0.19,0,6216814313,0
5/6/2021,2658.69,2658.69,2626.38,2637.13,-0.47,0,6810091453,0
5/9/2021,2652.58,2652.58,2613.78,2618.56,-0.7,0,6148966772,0
5/10/2021,2613.17,2646.76,2608.13,2645.85,1.05,0,4203832789,0
5/11/2021,2647.48,2680.62,2645.77,2673.32,1.04,0,5810673071,0
5/12/2021,2685.4,2687.34,2664.32,2673.88,0.02,0,5326052801,0
5/13/2021,2701.82,2701.82,2679.18,2684.01,0.38,0,7126885280,0
5/16/2021,2693.9,2738.29,2693.9,2738.29,2.02,0,10026628116,0
5/17/2021,2748.83,2770.86,2748.04,2759.21,0.76,0,9576361139,0
5/18/2021,2780.7,2794.28,2767.25,2793.89,1.26,0,11359360092,0
5/19/2021,2816.26,2821.86,2769.72,2780.81,-0.47,0,11958097411,0
5/20/2021,2807.52,2807.52,2776.17,2787.18,0.23,0,9305222004,0
5/23/2021,2768.86,2820,2738.7,2820,1.18,0,11695034728,0
5/24/2021,2840.21,2850.55,2807.95,2823.06,0.11,0,13175353188,0
5/25/2021,2828.06,2836.1,2804.44,2816.56,-0.23,0,11133398108,0
5/27/2021,2784.59,2835.39,2763.19,2815.39,-0.04,0,14768808492,0
5/30/2021,2836.11,2854.48,2815.86,2827.93,0.45,0,17028432245,0
5/31/2021,2842.28,2849.26,2781.69,2782.68,-1.6,0,13909113291,0
6/1/2021,2790.71,2799.07,2751.44,2771.15,-0.42,0,8598160117,0
6/2/2021,2793.22,2827.12,2771.42,2827.12,2.01,0,11351815356,0
6/3/2021,2833.84,2875.04,2833.84,2856.67,1.05,0,16907020286,0
6/6/2021,2884.07,2919.1,2884.74,2906.89,1.75,0,17271787525,0
6/7/2021,2928.09,2932.39,2892.98,2906.7,-0.01,0,15818659063,0
6/8/2021,2931.17,2960.14,2926.51,2960.14,1.84,0,16951299040,0
6/9/2021,2995.08,3005,2934.98,2946.58,-0.46,0,16997092703,0
6/10/2021,2968.09,2969.35,2926.15,2944.78,-0.06,0,16100412436,0
6/13/2021,2965.77,2983.1,2957.33,2983.1,1.3,0,19550166636,0
6/14/2021,3009.46,3051.02,3009.46,3025.82,1.43,0,18884031519,0
6/15/2021,3061.81,3063.06,3013.77,3022.1,-0.12,0,16528749739,0
6/16/2021,2989.55,3030.43,2943.95,2969.69,-1.73,0,15484479319,0
6/17/2021,2982.87,2989.53,2945.42,2968.43,-0.04,0,10904958935,0
6/20/2021,2975.25,2978.26,2881.01,2905.14,-2.13,0,11819428289,0
6/21/2021,2924.07,2924.07,2828.73,2834.4,-2.45,0,11845454604,0
6/22/2021,2844.7,2913.84,2825.03,2913.84,2.8,0,10286269957,0
6/23/2021,2939.04,2939.04,2857.17,2862.18,-1.77,0,8362671681,0
6/24/2021,2871.65,2872.51,2833.53,2843,-0.59,0,7033603740,0
6/27/2021,2856.05,2882.62,2835.51,2870.38,0.96,0,7167432728,0
6/28/2021,2898.42,2900.89,2861.58,2875.49,0.18,0,7725512716,0
6/29/2021,2880.33,2888.39,2823.74,2828,-1.65,0,6726361869,0
6/30/2021,2835.66,2844.02,2782.21,2823.87,-0.15,0,5838551435,0
7/1/2021,2833.52,2867.02,2833.52,2843,0.68,0,6707775484,0
7/4/2021,2852.24,2857.63,2832.56,2834.51,-0.3,0,5053538257,0
7/5/2021,2845.5,2846.7,2814.82,2822.73,-0.42,0,4582212579,0
7/6/2021,2829.99,2834.77,2813.39,2818.1,-0.19,0,4224018255,0
7/7/2021,2815.49,2825.74,2794.38,2801.13,-0.6,0,4585861976,0
7/8/2021,2815.28,2832.54,2793.43,2825.1,0.86,0,4815520294,0
7/11/2021,2845.43,2899.82,2845.43,2899.82,2.64,0,8061382496,0
7/12/2021,2915.56,2929.7,2843.17,2854.76,-1.55,0,9980026527,0
7/13/2021,2867.15,2884.09,2847.34,2871.03,0.57,0,5546356224,0
7/14/2021,2882.06,2883.19,2857.87,2872.05,0.04,0,5654576205,0
7/15/2021,2885.4,2890.2,2877.32,2883.38,0.39,0,8143614302,0
7/18/2021,2892.47,2980.61,2892.47,2980.61,3.37,0,11638126493,0
7/19/2021,3003.47,3031.87,2981.91,2994.58,0.47,0,11813754607,0
7/20/2021,3005.43,3005.43,2975.71,2985.57,-0.3,0,7897594269,0
7/22/2021,2990.9,3018.27,2987.45,3004.31,0.63,0,11114121616,0
7/25/2021,3017.56,3058.63,3017.56,3058.63,1.81,0,14232417472,0
7/26/2021,3072.92,3075.51,3041.94,3050.42,-0.27,0,14139785431,0
7/27/2021,3030.51,3085.8,3002.1,3079.67,0.96,0,15170651643,0
7/28/2021,3088.45,3111.28,3076.04,3094.94,0.5,0,13291954535,0
7/29/2021,3103.53,3107,3076.75,3079.83,-0.49,0,10905830064,0
8/1/2021,3088.44,3097.67,3075.9,3081.05,0.04,0,12103871862,0
8/2/2021,3087.91,3100.8,3079.48,3085.07,0.13,0,10983599094,0
8/3/2021,3094.24,3111.09,3092.61,3111.09,0.84,0,11529217775,0
8/4/2021,3126.99,3140.38,3121.13,3123.24,0.39,0,15595794271,0
8/5/2021,3130.54,3136.79,3102.08,3107.45,-0.51,0,14316249965,0
8/8/2021,3117.02,3121.14,3099.18,3108.12,0.02,0,14308136887,0
8/9/2021,3113.95,3121.72,3098.9,3109.66,0.05,0,14137338881,0
8/10/2021,3120.29,3164.34,3114.77,3161.44,1.67,0,17846147279,0
8/11/2021,3172.54,3197,3158.73,3162.59,0.03,0,15455941754,0
8/12/2021,3172.75,3188.93,3167.79,3179,0.52,0,17513276115,0
8/15/2021,3170.65,3187.14,3105.32,3154.03,-0.78,0,21647600655,0
8/16/2021,3165.09,3169.18,3138.1,3160.05,0.18,0,15930897938,0
8/17/2021,3165.69,3176.31,3154.98,3160.31,0.01,0,18204939237,0
8/18/2021,3172.29,3220.33,3154.1,3198.6,1.21,0,21313489269,0
8/19/2021,3208.53,3226.89,3178.58,3180.78,-0.57,0,20499210767,0
8/24/2021,3186.47,3186.47,3122.31,3124.87,-1.76,0,16124468060,0
8/25/2021,3126.02,3126.02,3068.9,3076.45,-1.55,0,12092103504,0
8/26/2021,3085.04,3107.57,3069.88,3094.05,0.57,0,13421974792,0
8/29/2021,3105.74,3115.8,3039.03,3044.86,-1.59,0,15651244505,0
8/31/2021,3047.26,3047.26,2970.51,2975.84,-2.27,0,13259696107,0
9/1/2021,2977.28,3018.64,2961.12,2977.02,0.04,0,9351799655,0
9/2/2021,2976.17,2993.4,2916.26,2926.89,-1.68,0,9505970822,0
9/5/2021,2928.8,2928.8,2779.33,2818.72,-3.7,0,11240391045,0
9/6/2021,2816.93,2980.79,2805,2980.78,5.74,0,9826222807,0
9/7/2021,2999.62,3001.1,2913.01,2936.6,-1.48,0,7495812161,0
9/8/2021,2940.91,2940.91,2874.07,2876.59,-2.04,0,6646623427,0
9/9/2021,2880.54,2911.82,2866.05,2875.97,-0.02,0,7050770070,0
9/12/2021,2887.5,2947.42,2887.5,2947.42,2.48,0,9440035244,0
9/13/2021,2962.81,2984.28,2939.96,2947.69,0.01,0,9290554155,0
9/14/2021,2950.37,2963.65,2916.77,2929.28,-0.63,0,5195295443,0
9/15/2021,2933.23,2936.77,2882.1,2889.03,-1.37,0,5358097251,0
9/16/2021,2889.21,2889.21,2795.51,2812.38,-2.65,0,9033900623,0
9/20/2021,2817.98,2818.49,2698.24,2698.24,-4.05,0,8493401009,0
9/21/2021,2693.42,2766.41,2615.49,2712.07,0.51,0,7364798652,0
9/22/2021,2719.91,2818.86,2719.91,2816.95,3.87,0,6179300158,0
9/23/2021,2833.52,2882.32,2804.53,2819.65,0.1,0,7726371029,0
9/26/2021,2836.36,2844.09,2756.51,2758.48,-2.17,0,6500117780,0
9/27/2021,2762.6,2769.1,2678.36,2685.41,-2.65,0,5120973096,0
9/28/2021,2683.6,2694.97,2602.38,2615.4,-2.61,0,5745488179,0
9/29/2021,2616.78,2665.93,2579.82,2665.93,1.93,0,5028555092,0
9/30/2021,2667.45,2687.02,2630.58,2633.42,-1.22,0,3700029507,0
10/3/2021,2637.36,2640.41,2573.31,2577.49,-2.12,0,4113814246,0
10/4/2021,2577.36,2596.31,2542.11,2570.81,-0.26,0,3627799935,0
10/5/2021,2569.79,2619.85,2569.79,2612.65,1.63,0,2996819683,0
10/6/2021,2614.74,2681.1,2614.74,2681.1,2.62,0,4500658142,0
10/10/2021,2687.19,2718.53,2654.75,2662.58,-0.69,0,4498043581,0
10/11/2021,2667.59,2669.51,2616.75,2639.37,-0.87,0,3639468093,0
10/17/2021,2644.41,2665.42,2625.13,2656.96,0.67,0,1497375371,0
10/18/2021,2656.04,2656.04,2582.71,2587.45,-2.62,0,2966899791,0
10/19/2021,2588.24,2588.24,2482.14,2510.73,-2.99,0,3783422995,0
10/20/2021,2522.2,2589.46,2522.2,2571.66,2.41,0,2679028155,0
10/21/2021,2573.05,2585.21,2543.11,2556.95,-0.57,0,2635390460,0
10/24/2021,2557,2587.36,2546.39,2584.52,1.08,0,2773420135,0
10/25/2021,2588.75,2672.25,2588.75,2672.25,3.39,0,4308895575,0
10/26/2021,2678.86,2751.09,2678.86,2751.07,2.95,0,6318340932,0
10/27/2021,2753.4,2806.65,2717.57,2769.13,0.66,0,6612648840,0
10/28/2021,2768.88,2783.67,2747.59,2782.16,0.47,0,5395268628,0
10/31/2021,2785.95,2837.74,2776.05,2837.61,1.99,0,7823226493,0
11/1/2021,2852.32,2865.81,2804.84,2819.86,-0.63,0,7777510778,0
11/2/2021,2824.83,2845.06,2789.59,2843.62,0.84,0,6073716888,0
11/3/2021,2858.74,2877.81,2837.81,2848.84,0.18,0,6553059152,0
11/8/2021,2854.38,2862.96,2821.73,2829.64,-0.67,0,4420719103,0
11/9/2021,2831,2831.81,2730.44,2749.85,-2.82,0,6527729547,0
11/11/2021,2750.03,2750.03,2687.83,2690.29,-2.17,0,5119602540,0
11/14/2021,2694.05,2704.47,2668.82,2688.92,-0.05,0,4096219525,0
11/15/2021,2688.06,2728.32,2685.81,2715.35,0.98,0,4734651444,0
11/16/2021,2720.59,2784.58,2717.92,2784.58,2.55,0,5521650857,0
11/17/2021,2795.19,2825.89,2795.19,2801.52,0.61,0,7379446820,0
11/18/2021,2806.13,2808.72,2760.79,2769.13,-1.16,0,6271867230,0
11/21/2021,2771.75,2779.84,2750.01,2757.53,-0.42,0,4357309319,0
11/22/2021,2758.99,2777.86,2758.98,2765.43,0.29,0,3929261627,0
11/23/2021,2765.67,2765.67,2720.03,2733.12,-1.17,0,4165896578,0
11/24/2021,2737.09,2742.35,2694.62,2735,0.07,0,4217415337,0
11/25/2021,2736.84,2746.06,2721.38,2731.78,-0.12,0,3789709331,0
11/28/2021,2730.75,2730.75,2644.91,2651.49,-2.94,0,5835135055,0
11/29/2021,2650.54,2677.63,2622.32,2629.97,-0.81,0,4008937133,0
11/30/2021,2630.32,2647.85,2604.43,2628.37,-0.06,0,3089041991,0
12/1/2021,2628.68,2649.8,2628.68,2633.65,0.2,0,2742085704,0
12/2/2021,2633.63,2641.96,2580.68,2586.19,-1.8,0,3413589126,0
12/5/2021,2586.82,2586.95,2505.13,2513.87,-2.8,0,4090765325,0
12/6/2021,2508.96,2548.98,2440.24,2546.08,1.28,0,4542345271,0
12/7/2021,2549.36,2590.39,2506.61,2508.9,-1.46,0,3128341700,0
12/8/2021,2508.28,2511.6,2448.91,2455.8,-2.12,0,2663909620,0
12/9/2021,2454.41,2464.7,2428.84,2449.97,-0.24,0,2673308792,0
12/12/2021,2448.66,2455.56,2360.67,2361.27,-3.62,0,3382509520,0
12/13/2021,2351.93,2351.93,2259.63,2281.67,-3.37,0,3995604178,0
12/14/2021,2283.67,2418.85,2283.67,2418.85,6.01,0,1842647144,0
12/15/2021,2433.2,2490.62,2379.3,2414.62,-0.17,0,4588390678,0
12/16/2021,2415.77,2417.21,2372.87,2376.74,-1.57,0,2301751968,0
12/20/2021,2390.81,2390.81,2346.96,2358.81,-0.75,0,2464689863,0
12/21/2021,2360.33,2415.55,2360.33,2415.55,2.41,0,2383259847,0
12/22/2021,2425.05,2508.46,2425.05,2507.7,3.82,0,4523338143,0
12/23/2021,2522.51,2542.11,2485.55,2520.23,0.5,0,4490266410,0
12/26/2021,2531.43,2595.71,2531.43,2591.42,2.82,0,5173200503,0
12/27/2021,2600.21,2615.47,2518.8,2521.65,-2.69,0,5607439671,0
12/28/2021,2523.87,2533.26,2487.41,2518.99,-0.11,0,3125575632,0
12/29/2021,2520.55,2538.65,2513.14,2524.5,0.22,0,3623480292,0
1/2/2022,2538.25,2584.91,2529.88,2584.91,2.39,0,4126980068,0
1/3/2022,2595.22,2634.54,2594.04,2616.94,1.24,0,4533017179,0
1/4/2022,2619.22,2679.95,2594.22,2679.95,2.41,0,4320269828,0
1/5/2022,2687.75,2699.94,2641.61,2649.18,-1.15,0,4621598583,0
1/6/2022,2647.76,2692.47,2633.91,2692.47,1.63,0,3676846349,0
1/9/2022,2699.87,2770.06,2699.87,2765.51,2.71,0,7101831591,0
1/10/2022,2772.09,2804.84,2756.03,2784.95,0.7,0,7123424035,0
1/11/2022,2792.63,2847.38,2771.64,2834.13,1.77,0,6724526198,0
1/12/2022,2839.87,2874.8,2796.66,2803.62,-1.08,0,8033212742,0
1/13/2022,2808.8,2857.75,2802.8,2857.75,1.93,0,6669748568,0
1/16/2022,2873.42,2940.13,2873.42,2926.74,2.41,0,9676317059,0
1/17/2022,2944.92,2955.6,2907.95,2947.43,0.71,0,7901890668,0
1/18/2022,2953.11,2981.35,2916.06,2936.66,-0.37,0,8443419562,0
1/19/2022,2945.63,2950.14,2890,2898.31,-1.31,0,6021311881,0
1/20/2022,2901.51,2931.34,2884.91,2931.34,1.14,0,5773120409,0
1/23/2022,2942.97,2961.93,2906.28,2920.51,-0.37,0,7030508263,0
1/24/2022,2926.12,2926.12,2804.07,2820.65,-3.42,0,8888513178,0
1/25/2022,2827.75,2857.61,2781.48,2815.06,-0.2,0,5395672627,0
1/26/2022,2817.17,2819.74,2761.28,2776.65,-1.36,0,4313154042,0
1/27/2022,2778.89,2803.75,2776.88,2779.98,0.12,0,3343413684,0
1/30/2022,2805.01,2885.53,2805.01,2885.53,3.8,0,6324274039,0
1/31/2022,2895.77,2907.61,2860.92,2872.05,-0.47,0,5154177598,0
2/1/2022,2875.74,2896.47,2856.68,2891.33,0.67,0,6574842418,0
2/3/2022,2898.61,2925.05,2871.82,2876.74,-0.5,0,8612174162,0
2/6/2022,2877.04,2877.04,2829.17,2836.17,-1.41,0,5836414510,0
2/7/2022,2834.26,2853.78,2822.88,2851.88,0.55,0,5022017181,0
2/8/2022,2877.58,2921.18,2826.35,2835.58,-0.57,0,6287217985,0
2/9/2022,2837.33,2837.33,2800.08,2813.52,-0.78,0,3471109182,0
2/10/2022,2813.33,2825.33,2791.1,2801.56,-0.43,0,3829533350,0
2/13/2022,2783.89,2783.89,2697.78,2700.89,-3.59,0,5977214731,0
2/14/2022,2697.37,2728.13,2695.12,2700.98,0,0,3684009915,0
2/15/2022,2703.35,2754.29,2703.35,2754.29,1.97,0,3233318614,0
2/16/2022,2759.37,2771.69,2725.34,2734.44,-0.72,0,3026330784,0
2/17/2022,2735.33,2745.21,2723.77,2732.51,-0.07,0,2278173660,0
2/20/2022,2713.52,2715.83,2670.39,2693.1,-1.44,0,4086474828,0
2/21/2022,2695.26,2718.81,2694.16,2718.51,0.94,0,2997681072,0
2/22/2022,2719.89,2750.09,2719.89,2735.93,0.64,0,3212887822,0
2/23/2022,2732.48,2747.18,2716.44,2720.43,-0.57,0,3131210282,0
2/24/2022,2715.44,2715.44,2654.98,2661.44,-2.17,0,4293864192,0
2/27/2022,2660.39,2680.39,2638.64,2653.7,-0.29,0,3273065910,0
2/28/2022,2662.26,2683.47,2607,2610.58,-1.62,0,3660189868,0
3/2/2022,2612.51,2612.51,2542.77,2547.04,-2.43,0,3621143979,0
3/6/2022,2542.57,2568.11,2528.15,2543.39,-0.14,0,2493241273,0
3/7/2022,2542.66,2566.29,2538.44,2544.94,0.06,0,2600930403,0
3/9/2022,2542.42,2557.08,2504.48,2514.58,-1.19,0,2352317142,0
3/10/2022,2512.04,2566.9,2499.03,2566.9,2.08,0,2791872970,0
3/13/2022,2575.27,2667.97,2575.27,2667.97,3.94,0,4870715387,0
3/14/2022,2677.97,2682.57,2650.42,2668.11,0.01,0,1342232839,0
3/15/2022,2673.55,2675.83,2637.23,2650.97,-0.64,0,3364229175,0
3/16/2022,2653.57,2660.64,2626.02,2631.25,-0.74,0,2570401188,0
3/20/2022,2634.11,2643.81,2607.98,2616.59,-0.56,0,2274626191,0
3/21/2022,2620.13,2634.66,2601.36,2634.66,0.69,0,2592718131,0
3/22/2022,2634.42,2658.06,2634.42,2650.7,0.61,0,2518894178,0
3/23/2022,2651.41,2653.24,2623.08,2630.36,-0.77,0,2046352547,0
3/24/2022,2630.93,2638.62,2611.96,2613.67,-0.63,0,3248943825,0
3/27/2022,2623.2,2641.51,2569.02,2572.26,-1.58,0,4989514416,0
3/28/2022,2574.12,2580.26,2538.22,2541.84,-1.18,0,2545321814,0
3/29/2022,2542.65,2561.98,2520.19,2527.58,-0.56,0,1750628199,0
3/30/2022,2527.77,2568.26,2516.12,2568.26,1.61,0,2250117296,0
3/31/2022,2568.76,2584.22,2538.78,2544.31,-0.93,0,1890164686,0
4/3/2022,2544.48,2546.65,2510.69,2513.42,-1.21,0,1460773729,0
4/4/2022,2517.41,2525.24,2497.48,2498.53,-0.59,0,1584671562,0
4/5/2022,2507.77,2507.77,2434.56,2452.07,-1.86,0,2671232388,0
4/6/2022,2451.81,2457.61,2417.08,2428.66,-0.95,0,1995964384,0
4/7/2022,2427.97,2475.78,2427.97,2464.36,1.47,0,2121511280,0
4/11/2022,2471.81,2508.88,2416.22,2419.8,-1.81,0,2260786628,0
4/12/2022,2424.71,2428.57,2379.57,2385.01,-1.44,0,1524364418,0
4/13/2022,2385.24,2415.25,2367.02,2415.25,1.27,0,1476318104,0
4/17/2022,2422.34,2437.42,2380.16,2385.65,-1.23,0,1440723182,0
4/18/2022,2386.66,2387.12,2342.04,2343.87,-1.75,0,1530692956,0
4/19/2022,2347.21,2372.21,2314.8,2357.25,0.57,0,1326865932,0
4/20/2022,2364.47,2367.03,2317.01,2320.52,-1.56,0,1458737755,0
4/21/2022,2327.08,2333.18,2287,2325.45,0.21,0,1629168848,0
4/24/2022,2331.51,2430.07,2331.51,2420.97,4.11,0,2531275593,0
4/25/2022,2423.74,2443.95,2382.37,2386.02,-1.44,0,2042253182,0
4/26/2022,2386.04,2401.57,2358.82,2370.99,-0.63,0,1046014417,0
4/27/2022,2373.1,2376.2,2348.76,2376.17,0.22,0,1089992036,0
4/28/2022,2380.16,2390.11,2351.57,2356.17,-0.84,0,1496246808,0
5/2/2022,2358.24,2359.27,2303.7,2307.44,-2.07,0,1423498292,0
5/4/2022,2310.51,2312.07,2269.87,2275.69,-1.38,0,1269219421,0
5/5/2022,2275.43,2275.43,2226.61,2238.62,-1.63,0,1654561473,0
5/8/2022,2238.81,2256.58,2204.47,2256.58,0.8,0,1326421672,0
5/9/2022,2263.06,2289.27,2255.73,2268.85,0.54,0,1390607702,0
5/10/2022,2269.36,2313,2269.2,2313,1.95,0,1356687468,0
5/11/2022,2313.28,2369.07,2313.28,2369.06,2.42,0,2163990743,0
5/12/2022,2373.38,2388.49,2343.95,2350.42,-0.79,0,2328434273,0
5/17/2022,2350.43,2350.43,2264.87,2265.52,-3.61,0,1644096193,0
5/18/2022,2262.99,2281.82,2238.04,2274.42,0.39,0,1326320346,0
5/19/2022,2274.8,2282.81,2247.82,2250.91,-1.03,0,1300981996,0
5/20/2022,2251.49,2258.26,2231.46,2235.09,-0.7,0,932206084.3,0
5/23/2022,2241.26,2248.91,2191.6,2200.88,-1.53,0,1369513192,0
5/24/2022,2203.14,2227.36,2190.69,2217.19,0.74,0,1088833542,0
5/25/2022,2222.49,2243.21,2222.24,2231.57,0.65,0,1044626939,0
5/26/2022,2240.61,2245.18,2222.9,2239.6,0.36,0,889834908.6,0
5/27/2022,2242.46,2250.37,2214.94,2223.78,-0.71,0,1298905590,0
5/30/2022,2227.43,2232.23,2175.91,2173.44,-2.26,0,1338856282,0
5/31/2022,2172.02,2172.02,2126.81,2137.92,-1.63,0,1317699090,0
6/1/2022,2138.06,2154.03,2119.53,2130.73,-0.34,0,1078484182,0
6/2/2022,2130.35,2142.46,2107.97,2112.47,-0.86,0,1161514169,0
6/3/2022,2113.13,2117.03,2072.08,2078.71,-1.6,0,1307359541,0
6/6/2022,2079.6,2093.08,2054.29,2065.82,-0.62,0,1273385277,0
6/7/2022,2065.19,2065.19,2016.81,2020.23,-2.21,0,1312806563,0
6/8/2022,2019.54,2096.14,2017.47,2080.45,2.98,0,1640356608,0
6/9/2022,2082.45,2115.59,2058.52,2062.81,-0.85,0,1472690554,0
6/10/2022,2067.76,2069.37,2036.61,2048.16,-0.71,0,894124114.1,0
6/13/2022,2049.31,2052.29,2027.22,2032.34,-0.77,0,998674262.4,0
6/14/2022,2032.53,2034.34,1990.51,1996.26,-1.78,0,1185546179,0
6/15/2022,1999.05,1999.05,1946.47,1966.37,-1.5,0,1491758817,0
6/16/2022,1966.89,1993.4,1950.93,1978.94,0.64,0,1187145519,0
6/17/2022,1981.21,1990.88,1967.23,1971.38,-0.38,0,736312158,0
6/19/2022,1971.84,1973.79,1929.24,1934.11,-1.89,0,1134091212,0
6/20/2022,1934.03,1934.08,1880.01,1884.81,-2.55,0,1750600171,0
6/21/2022,1884.25,1931.89,1878.39,1924.74,2.12,0,1253757715,0
6/22/2022,1925.46,1926.07,1890.07,1893.53,-1.62,0,843773459,0
6/23/2022,1889.4,1889.4,1836,1848.28,-2.39,0,1499709635,0
6/24/2022,1848.38,1878.97,1807.18,1862.06,0.75,0,1151208031,0
6/26/2022,1863.47,1956.99,1863.47,1956.98,5.1,0,2196141849,0
6/27/2022,1967.3,1985.91,1931.64,1933.13,-1.22,0,2044831948,0
6/28/2022,1935.54,1935.54,1909.29,1921.31,-0.61,0,1058263522,0
6/29/2022,1925.74,1963.48,1915.44,1962.71,2.15,0,1431400641,0
6/30/2022,1966.86,2037.64,1966.86,2037.64,3.82,0,2458619495,0
7/1/2022,2041.94,2053.39,2016.75,2028.77,-0.44,0,1459312015,0
7/3/2022,2028.79,2086.42,2021,2086.42,2.84,0,2480473999,0
7/4/2022,2095.62,2148.16,2059.25,2076.67,-0.47,0,4349273593,0
7/5/2022,2078.63,2091.29,2026.37,2030.59,-2.22,0,2968485224,0
7/6/2022,2036.46,2046.92,1995.18,2043.92,0.66,0,2178655701,0
7/7/2022,2051.5,2079.3,2023.13,2027.32,-0.81,0,1806204765,0
7/8/2022,2031.87,2033.06,1988.96,1992.62,-1.71,0,1168451395,0
7/11/2022,1993.33,1993.55,1913.19,1915.61,-3.86,0,2325641022,0
7/12/2022,1916.41,1947.53,1908.89,1927.28,0.61,0,1707752978,0
7/13/2022,1928.5,1986.83,1928.5,1986.82,3.09,0,2044443007,0
7/14/2022,1987.32,2011.72,1977.26,2001.53,0.74,0,2411834599,0
7/15/2022,2002.96,2009.47,1989.42,2009.46,0.4,0,1456259833,0
7/17/2022,2010.92,2018.85,1994.75,2011.4,0.1,0,1232488083,0
7/18/2022,2011.71,2029.43,2000.19,2029.43,0.9,0,1312962960,0
7/19/2022,2029.71,2062.07,2029.29,2045.7,0.8,0,2299316326,0
7/20/2022,2046.21,2061.31,2033.46,2050.59,0.24,0,1731832270,0
7/21/2022,2052.95,2065.86,2038.58,2044.72,-0.29,0,1642648587,0
7/22/2022,2046.62,2046.62,2013.75,2017.46,-1.33,0,1443432770,0
7/24/2022,2027.8,2078.51,2027.8,2078.51,3.03,0,2730937197,0
7/25/2022,2081.98,2134.62,2081.98,2132.96,2.62,0,4106818941,0
7/26/2022,2134.14,2141.35,2085.93,2088.16,-2.1,0,3704998398,0
7/27/2022,2089.01,2111.99,2066.08,2111.99,1.14,0,3161455142,0
7/28/2022,2113.35,2156.1,2106.16,2127.47,0.73,0,4976433105,0
7/29/2022,2130.32,2147.31,2117.53,2140.52,0.61,0,2191619914,0
7/31/2022,2142.31,2195.1,2142.31,2195.1,2.55,0,4609971272,0
8/1/2022,2205.77,2223.99,2183.55,2196.25,0.05,0,4670798756,0
8/2/2022,2198.06,2202.72,2170.32,2193.48,-0.13,0,3293234706,0
8/3/2022,2196.13,2213.7,2183.8,2186.77,-0.31,0,4029931440,0
8/4/2022,2191.49,2192.66,2148.16,2148.16,-1.77,0,3768079173,0
8/5/2022,2150.47,2150.47,2109.01,2113.55,-1.61,0,2626154948,0
8/7/2022,2109.41,2132.49,2108.65,2123.82,0.49,0,2673338232,0
8/8/2022,2128.19,2140.09,2102.34,2106.15,-0.83,0,2857072961,0
8/9/2022,2109.79,2112.13,2060.92,2062.8,-2.06,0,2815144598,0
8/10/2022,2064.39,2074.93,2042.95,2056.88,-0.29,0,1935520147,0
8/11/2022,2059.83,2074.7,2037.93,2037.92,-0.92,0,1761023039,0
8/14/2022,2035.32,2042.87,2007.73,2010.01,-1.37,0,1873281897,0
8/15/2022,2007.19,2065.89,2004.29,2065.89,2.78,0,2432984612,0
8/16/2022,2069.38,2088.22,2035.55,2041.06,-1.2,0,2734853058,0
8/17/2022,2043.62,2052.9,2035.52,2040.7,-0.02,0,1405974256,0
8/18/2022,2041.71,2072.23,2041.71,2068.26,1.35,0,2057980057,0
8/21/2022,2070.06,2088.38,2056.43,2060.55,-0.37,0,2047093689,0
8/22/2022,2061.03,2065.2,2044.02,2053.13,-0.36,0,1726287430,0
8/23/2022,2053.35,2059.92,2049.04,2054.98,0.09,0,1333560857,0
8/24/2022,2054.99,2073.28,2052.3,2057.84,0.14,0,1526186218,0
8/25/2022,2058.01,2068.33,2036.07,2039.54,-0.89,0,1717469670,0
8/26/2022,2040.47,2040.47,2018.27,2022.62,-0.83,0,1294832820,0
8/28/2022,2022.32,2022.7,1987.21,1989.26,-1.65,0,2059737103,0
8/29/2022,1989.37,1995.59,1975.24,1993.02,0.19,0,1266619150,0
8/30/2022,1993.47,2011.82,1987.49,1995.34,0.12,0,1019516696,0
8/31/2022,1993.38,1996.32,1968.62,1973.38,-1.1,0,1126217862,0
9/1/2022,1972.98,1982.34,1953.65,1972.29,-0.05,0,1383462162,0
9/2/2022,1970.78,1984.2,1964.98,1970.62,-0.08,0,698805950.9,0
9/4/2022,1971.86,1988.25,1969.6,1977.3,0.34,0,1071615922,0
9/5/2022,1978.3,1987.5,1970.91,1973.01,-0.22,0,909904751,0
9/6/2022,1974.13,1977.86,1947.33,1951.84,-1.07,0,1190765613,0
9/7/2022,1951.21,1955.77,1933.32,1939.88,-0.61,0,826230582.9,0
9/8/2022,1940.19,1947.69,1925.48,1937.74,-0.11,0,1044440647,0
9/11/2022,1938.2,1946.39,1922.47,1926.28,-0.59,0,747226625.4,0
9/12/2022,1926.45,1928.65,1907.11,1912.74,-0.7,0,831603650.6,0
9/13/2022,1913.41,1940.73,1913.33,1934.04,1.11,0,922574409.7,0
9/14/2022,1936.37,1984.12,1936.37,1981.48,2.45,0,1453824650,0
9/15/2022,1983.26,1989.85,1920.45,1924.48,-2.88,0,2125655787,0
9/16/2022,1921.05,1921.05,1886.91,1910.38,-0.73,0,908186488,0
9/18/2022,1910.2,1910.9,1874.4,1876.41,-1.78,0,1601822955,0
9/20/2022,1875.41,1876.82,1833.72,1837.6,-2.07,0,1229669722,0
9/21/2022,1838.4,1862.36,1838.23,1848.8,0.61,0,721259884.7,0
9/22/2022,1848.79,1855.97,1836.34,1838.96,-0.53,0,655705169.4,0
9/25/2022,1838,1838.68,1811.7,1815.13,-1.3,0,1072480097,0
9/27/2022,1814.71,1842.06,1814.71,1831.05,0.88,0,663013000.4,0
9/28/2022,1831.24,1845.61,1831.24,1837.46,0.35,0,485408767.8,0
9/29/2022,1836.84,1853.76,1835.97,1853.76,0.89,0,632407627.7,0
10/9/2022,1854.57,1898.38,1854.53,1898.38,2.41,0,836873139.8,0
10/10/2022,1901.25,1907.94,1866.84,1871.22,-1.43,0,971767714.4,0
10/11/2022,1871.28,1871.28,1850.13,1855.16,-0.86,0,552809984.5,0
10/12/2022,1854.57,1872.75,1848.36,1866.48,0.61,0,691737894,0
10/13/2022,1866.54,1878.14,1861.11,1870.63,0.22,0,829646920.4,0
10/16/2022,1871.09,1871.59,1853.07,1860.94,-0.52,0,803525533.2,0
10/17/2022,1861.55,1864.58,1854.56,1858.33,-0.14,0,515818989.8,0
10/19/2022,1858.03,1861.63,1840.55,1845.52,-0.69,0,643607975.3,0
10/20/2022,1845.38,1849.74,1834.41,1844.14,-0.07,0,507689560.5,0
10/23/2022,1844.5,1858.49,1843.82,1858.49,0.78,0,516803483.6,0
10/31/2022,1860.39,1874.88,1857.2,1874.88,0.88,0,697317611.3,0
11/1/2022,1876.55,1930.98,1871.98,1930.99,2.99,0,1290664642,0
11/2/2022,1933.24,1956.42,1916.54,1938.3,0.38,0,1467914875,0
11/3/2022,1939.5,1940.43,1919.26,1922.16,-0.83,0,898907830,0
11/6/2022,1924.2,1965.38,1919.9,1965.36,2.25,0,1548032561,0
11/7/2022,1968.07,1987.26,1955.72,1958.94,-0.33,0,2109163384,0
11/8/2022,1959.22,1965.96,1948.45,1956.36,-0.13,0,1053137467,0
11/9/2022,1957.76,1967.63,1914.28,1917.22,-2,0,1407395437,0
11/10/2022,1919.1,1929,1889.93,1893.7,-1.23,0,1119461411,0
11/13/2022,1892.94,1901.04,1879.8,1883.16,-0.56,0,774911706.6,0
11/14/2022,1883.58,1904.45,1879.53,1904.45,1.13,0,946089521.2,0
11/15/2022,1905.21,1919.75,1896.36,1897.86,-0.35,0,1023609960,0
11/16/2022,1898.7,1914.27,1898.7,1911.26,0.71,0,859468158.3,0
11/17/2022,1912.24,1939.56,1912.24,1936.83,1.34,0,1715419286,0
11/22/2022,1938.47,1960.85,1926.48,1929.7,-0.37,0,1352885780,0
11/23/2022,1931.01,1933.53,1913.28,1921.99,-0.4,0,1022293553,0
11/24/2022,1922.72,1933.55,1916.45,1933.55,0.6,0,925174380.4,0
11/27/2022,1939.09,1965.98,1936.31,1965.98,1.68,0,2025489052,0
11/28/2022,1968.93,1980.09,1948.04,1950.37,-0.79,0,1494394614,0
11/29/2022,1951.31,1957.83,1933.97,1953.35,0.15,0,957060226,0
11/30/2022,1953.07,1955.6,1943.37,1949.85,-0.18,0,842695302,0
12/1/2022,1949.48,1968.95,1942.1,1961.06,0.58,0,1322972186,0
12/4/2022,1961.07,1973.39,1957.36,1963.22,0.11,0,1561702992,0
12/5/2022,1964.79,1965.26,1935.76,1938.76,-1.25,0,1670455035,0
12/6/2022,1941.08,1943.63,1922.2,1933.88,-0.25,0,965210899.1,0
12/7/2022,1935.08,1935.86,1916.77,1917.28,-0.86,0,1654662551,0
12/11/2022,1916.04,1918.03,1883.23,1885.31,-1.67,0,1103404045,0
12/12/2022,1884.22,1902.27,1868.77,1902.27,0.9,0,1366010464,0
12/13/2022,1900.23,1904.58,1888.84,1899.7,-0.13,0,777089165.2,0
12/14/2022,1900.61,1905.91,1893.2,1897.08,-0.14,0,727877897.4,0
12/15/2022,1897.34,1898.86,1880.44,1882.6,-0.76,0,1192616188,0
12/18/2022,1883.65,1883.65,1851.24,1855.06,-1.46,0,1157155099,0
12/19/2022,1855.19,1864.87,1849.44,1858.89,0.21,0,886098568.4,0
12/20/2022,1859.72,1881.04,1859.07,1873.11,0.77,0,930839901.1,0
12/21/2022,1874.85,1882.84,1864.9,1867.22,-0.31,0,863816561.1,0
12/22/2022,1864.41,1867.21,1850.88,1867.21,0,0,1119797921,0
12/26/2022,1868.18,1924.09,1868.18,1924.09,3.05,0,2097049941,0
12/27/2022,1928.81,1998.49,1928.81,1983.95,3.11,0,3884396998,0
12/28/2022,1991.81,1994.07,1962.33,1972.15,-0.6,0,2153547208,0
12/29/2022,1973.18,2029.03,1962.71,2029.03,2.88,0,2860345782,0
1/1/2023,2037.21,2082.66,2030.41,2046.26,0.85,0,4048879510,0
1/2/2023,2047.46,2070.31,2028.74,2063.83,0.86,0,2960927441,0
1/3/2023,2066.02,2081.09,2051.2,2061.06,-0.15,0,3458089788,0
1/4/2023,2069.34,2125.85,2066.89,2125.84,3.14,0,3501142097,0
1/5/2023,2134.88,2159.82,2113.51,2143.93,0.85,0,5040740937,0
1/8/2023,2148.93,2191.52,2127.08,2164.61,0.96,0,5459925001,0
1/9/2023,2171.46,2211.77,2161.42,2211.76,2.18,0,5314307853,0
1/10/2023,2215.35,2277.35,2179.25,2190.42,-0.96,0,7658823580,0
1/12/2023,2203.84,2235.49,2144.41,2149.39,-1.87,0,5477624724,0
1/17/2023,2152.05,2187.54,2136.61,2182.11,1.52,0,3724794588,0
1/18/2023,2185.73,2214.39,2167.41,2173.1,-0.41,0,4928714603,0
1/19/2023,2175.3,2191.81,2163.44,2178.81,0.26,0,3044529330,0
1/23/2023,2184.77,2202.26,2163.41,2165.1,-0.63,0,3864008974,0
1/24/2023,2166.05,2173.25,2140.18,2173.25,0.38,0,3003230039,0
1/25/2023,2175.67,2199.66,2175.67,2183.62,0.48,0,3466508339,0
1/26/2023,2186.5,2201.28,2178.29,2183.21,-0.02,0,2860082839,0
1/29/2023,2185.32,2192.27,2164.05,2168.53,-0.67,0,3017063956,0
1/30/2023,2166.31,2173.85,2124.97,2127.37,-1.9,0,3302201826,0
1/31/2023,2130.29,2135.86,2108.2,2111.68,-0.74,0,2824540407,0
2/1/2023,2111.44,2124.09,2104.55,2116.65,0.24,0,1767051916,0
2/2/2023,2118.56,2126.01,2090.53,2094.54,-1.04,0,2096419162,0
2/5/2023,2096.7,2118.27,2088.07,2096.08,0.07,0,1931719104,0
2/6/2023,2096.32,2102.47,2087.48,2100.7,0.22,0,1474161646,0
2/7/2023,2100.12,2177.35,2100.12,2177.34,3.65,0,3362267079,0
2/8/2023,2181.62,2213.78,2161.22,2170.18,-0.33,0,3691972817,0
2/9/2023,2171.17,2182.64,2153.57,2182.63,0.57,0,2062058749,0
2/12/2023,2181.2,2181.2,2117.93,2121.86,-2.78,0,3047739813,0
2/14/2023,2122.41,2122.41,2100.6,2105.46,-0.77,0,1787016373,0
2/15/2023,2105.03,2117.5,2086.95,2091.56,-0.66,0,1732575203,0
2/16/2023,2090.49,2099.36,2067.41,2070.41,-1.01,0,1684942096,0
2/20/2023,2069.67,2069.67,2040.34,2046.81,-1.14,0,1947623993,0
2/22/2023,2049.65,2083.83,2048.35,2080.38,1.64,0,1803282181,0
2/23/2023,2078.48,2078.48,2015.04,2022.64,-2.78,0,2522713154,0
2/26/2023,2016.54,2029.09,1961.68,2027.19,0.22,0,2525071806,0
2/27/2023,2029.23,2042.95,1990.37,2023.54,-0.18,0,1893736366,0
2/28/2023,2024.82,2033.7,2013.58,2019.93,-0.18,0,1387865516,0
3/1/2023,2020.72,2024.34,1994.53,1995.49,-1.21,0,1288363425,0
3/2/2023,1995.34,1996.56,1966.72,1969.02,-1.33,0,1336333965,0
3/5/2023,1967.49,1975.79,1935.49,1938.25,-1.56,0,1392354893,0
3/7/2023,1938.36,1963.76,1937.92,1952.66,0.74,0,1204409412,0
3/9/2023,1955.57,2002.7,1955.57,2002.7,2.56,0,1565558803,0
3/12/2023,2008.26,2016.05,1970.84,1975.9,-1.34,0,1666931511,0
3/13/2023,1975.43,1975.43,1944.48,1951.21,-1.25,0,1162503515,0
3/14/2023,1950.41,1964.71,1939.55,1953.06,0.09,0,1135925358,0
3/15/2023,1953.96,1955.71,1926.64,1938.62,-0.74,0,1202141883,0
3/16/2023,1938.62,1946.32,1920.1,1933.31,-0.27,0,1141455062,0
3/19/2023,1933.23,1939.42,1922.63,1926.4,-0.36,0,1069804825,0
3/20/2023,1926.28,1949.06,1926.04,1949.06,1.18,0,1298583988,0
3/22/2023,1952.19,1962.14,1929.54,1933.29,-0.81,0,1333719930,0
3/23/2023,1933.11,1933.21,1906.33,1915.14,-0.94,0,1413172803,0
3/26/2023,1915.32,1915.32,1881.35,1888.3,-1.4,0,1289371531,0
3/27/2023,1885.65,1906.85,1864.99,1906,0.94,0,1382767992,0
3/28/2023,1910.35,1936.43,1906.77,1918.41,0.65,0,1443713878,0
3/29/2023,1920.09,1921.83,1901.9,1919.42,0.05,0,816219129.8,0
3/30/2023,1920.01,1932.3,1905.5,1908.55,-0.57,0,899532139.4,0
4/2/2023,1910.49,1928.66,1883.04,1888.55,-1.05,0,1207122600,0
4/3/2023,1888.61,1891.76,1866.16,1871.88,-0.88,0,920249011.5,0
4/4/2023,1872.65,1880.31,1856.69,1866.68,-0.28,0,917610296,0
4/5/2023,1866.83,1878.53,1857.63,1875.07,0.45,0,816046790,0
4/6/2023,1875.88,1888.82,1864.51,1866.79,-0.44,0,920686094.3,0
4/9/2023,1867.47,1868.34,1834.2,1838.49,-1.52,0,1159448412,0
4/10/2023,1837.65,1851.39,1833.3,1844.02,0.3,0,911976049.1,0
4/11/2023,1845.65,1871.95,1844.57,1871.34,1.48,0,945249179.4,0
4/12/2023,1871.46,1963.55,1871.46,1963.55,4.93,0,1976076732,0
4/13/2023,1973.09,1981.43,1929.21,1934.47,-1.48,0,1653334666,0
4/16/2023,1934.51,1944.58,1918.7,1931.68,-0.14,0,974599061.5,0
4/17/2023,1931.86,1937.37,1904.61,1908.05,-1.22,0,920078571.1,0
4/18/2023,1905.96,1911.39,1893.33,1904.98,-0.16,0,870448151.9,0
4/19/2023,1903.36,1924.06,1903.36,1920.12,0.79,0,872141116.1,0
4/20/2023,1918.49,1927.92,1902.37,1904.4,-0.82,0,983367311,0
4/23/2023,1904.94,1906.29,1881.39,1885.6,-0.99,0,828534036.3,0
4/24/2023,1885.77,1891.79,1875.37,1888.32,0.14,0,751330393.7,0
4/25/2023,1887.3,1905.68,1885.2,1905.68,0.92,0,885578270.8,0
4/26/2023,1907.54,1913.05,1889.63,1892,-0.72,0,847028219.4,0
4/27/2023,1892.94,1895.12,1880.29,1889.73,-0.12,0,739650247.5,0
4/30/2023,1889.41,1890.06,1867.86,1870.65,-1.01,0,954322377.9,0
5/2/2023,1871.63,1878.51,1860.53,1866.4,-0.23,0,692271755.2,0
5/3/2023,1866.68,1868.14,1852.51,1857.23,-0.49,0,620266016.9,0
5/4/2023,1856.97,1874.58,1846.92,1869.73,0.69,0,732689811.9,0
5/7/2023,1870.41,1872.22,1849.09,1850.61,-1.02,0,608135094.1,0
5/8/2023,1850.73,1853.87,1825.83,1833.69,-0.91,0,824217001.8,0
5/9/2023,1831.64,1856.02,1829,1844.36,0.58,0,774760647.1,0
5/10/2023,1845.71,1852.04,1835.64,1841.93,-0.13,0,471574067.1,0
5/11/2023,1840.05,1843.36,1831.41,1838.59,-0.18,0,578841593.5,0
5/14/2023,1840.82,1849.19,1818.5,1821.64,-0.92,0,900563856.2,0
5/15/2023,1821.81,1826.63,1807.84,1818.31,-0.18,0,724969980.4,0
5/16/2023,1817.87,1827.55,1810.15,1821.62,0.18,0,640117260.5,0
5/17/2023,1821.54,1846.63,1821.33,1845.01,1.28,0,857624318.5,0
5/18/2023,1846.69,1883,1844.61,1877.32,1.75,0,1474765388,0
5/21/2023,1878.68,1902.6,1874.47,1883.2,0.31,0,1600492732,0
5/22/2023,1883.45,1898.6,1866.11,1891.31,0.43,0,1272346511,0
5/23/2023,1891.37,1942.63,1891.37,1942.63,2.71,0,2200023946,0
5/24/2023,1943.81,1962.55,1928.36,1959.12,0.85,0,1873018024,0
5/28/2023,1960.95,1977.36,1938.66,1941.74,-0.89,0,2639659500,0
5/30/2023,1944.03,1944.03,1885.06,1888.61,-2.74,0,2341777845,0
5/31/2023,1884.49,1893.37,1844.67,1849.79,-2.06,0,2315169572,0
6/1/2023,1850.79,1876.98,1837.43,1866.34,0.89,0,1654648922,0
6/4/2023,1866.35,1925.11,1865.73,1919.38,2.84,0,1656340392,0
6/5/2023,1922.13,1935.55,1900.3,1901.99,-0.91,0,1973491107,0
6/6/2023,1902.75,1927.66,1893.62,1927.66,1.35,0,1981012702,0
6/7/2023,1929.16,1950.57,1928.41,1932.33,0.24,0,2368815636,0
6/8/2023,1933.4,1946.76,1920.74,1939.61,0.38,0,2305888932,0
6/11/2023,1941.76,1983.23,1941.76,1980.09,2.09,0,3454344564,0
6/12/2023,1984.36,2002,1972.08,1987.87,0.39,0,2886509416,0
6/13/2023,1989.43,2034.45,1977.92,2020.64,1.72,0,4126695944,0
6/14/2023,2020.18,2066.99,2015.67,2037.06,0.81,0,5017807683,0
6/15/2023,2040.58,2049.86,2018.05,2042.07,0.25,0,3162810844,0
6/18/2023,2045.06,2094.33,2038.24,2094.33,2.56,0,4869184016,0
6/19/2023,2097.53,2107.18,2075.87,2091.39,-0.14,0,4740608880,0
6/20/2023,2093.56,2116.89,2057.52,2064.83,-1.27,0,4110606954,0
6/21/2023,2067.21,2082.6,2044.28,2050.78,-0.68,0,3496822261,0
6/22/2023,2054.62,2074.22,2042.45,2055.53,0.23,0,3444862502,0
6/25/2023,2057.37,2119.4,2057.37,2117.73,3.03,0,6490443185,0
6/26/2023,2124.01,2154.66,2121.34,2129.42,0.55,0,5312422087,0
6/27/2023,2132.61,2186.36,2132.61,2186.36,2.67,0,5476287740,0
6/28/2023,2193.51,2204.93,2146.57,2150.99,-1.62,0,5972286481,0
7/2/2023,2154.8,2158.83,2094.6,2097.29,-2.5,0,5081976179,0
7/3/2023,2096.72,2113.74,2069.86,2075.97,-1.02,0,4051078375,0
7/4/2023,2079.42,2103.78,2067.22,2088.7,0.61,0,2576140129,0
7/5/2023,2090.38,2101.29,2046.7,2049.44,-1.88,0,3073992137,0
7/6/2023,2050.28,2063.54,2033.59,2049.38,0,0,3077498315,0
7/9/2023,2050.36,2084.3,2050.36,2077.76,1.38,0,3042543961,0
7/10/2023,2081.75,2101.37,2068.28,2076.96,-0.04,0,3797986583,0
7/11/2023,2078.25,2084.9,2064.75,2072.24,-0.23,0,2859490490,0
7/12/2023,2072.24,2099.51,2072.24,2097.55,1.22,0,3187695774,0
7/13/2023,2095.72,2121.58,2080.91,2084.93,-0.6,0,3390660605,0
7/16/2023,2085.68,2103.86,2079.36,2097.09,0.58,0,2376427574,0
7/17/2023,2097.99,2144.17,2089.28,2144.16,2.24,0,2560191289,0
7/18/2023,2147.69,2170.9,2147.13,2154.07,0.46,0,3548829029,0
7/19/2023,2154.02,2174.41,2142.14,2165.24,0.52,0,3348679900,0
7/20/2023,2165.7,2177.76,2153.16,2163.92,-0.06,0,3052410660,0
7/23/2023,2166.47,2228.18,2166.47,2227.16,2.92,0,4375196233,0
7/24/2023,2227.21,2243.78,2194.41,2200.5,-1.19,0,4737608810,0
7/25/2023,2202.99,2205.48,2163.07,2164.31,-1.64,0,2910732419,0
7/26/2023,2168.46,2186.16,2152.54,2156.2,-0.37,0,2432508770,0
7/27/2023,2155.48,2165.9,2124.7,2126.48,-1.37,0,2425780564,0
7/30/2023,2126.85,2138.63,2091.53,2100.34,-1.22,0,2502886528,0
7/31/2023,2097.84,2126.48,2094.15,2106.18,0.27,0,1858002176,0
8/1/2023,2106.06,2123.73,2070.68,2077.58,-1.35,0,1924434900,0
8/2/2023,2078.59,2086.84,2062.02,2086.84,0.44,0,1812473856,0
8/3/2023,2088.55,2109.29,2084.15,2089.84,0.14,0,1781941702,0
8/6/2023,2095.42,2101.42,2041.92,2051.47,-1.83,0,2687148235,0
8/7/2023,2051.56,2069.32,2030.32,2048.26,-0.15,0,2333573298,0
8/8/2023,2047.71,2054.83,2013.75,2019.85,-1.38,0,1737014500,0
8/9/2023,2018.72,2060.91,2000.51,2060.91,2.03,0,1888326470,0
8/10/2023,2058.95,2080.4,2046.07,2066.05,0.24,0,2156583946,0
8/13/2023,2065.4,2087.31,2057.77,2080.86,0.71,0,3018460512,0
8/14/2023,2079.24,2093.81,2073.88,2077.24,-0.17,0,2091390638,0
8/15/2023,2077.03,2078.65,2041.3,2045.44,-1.53,0,2157312370,0
8/16/2023,2044.04,2044.04,2014.34,2025.12,-0.99,0,1679980623,0
8/17/2023,2025.98,2042.35,2025.73,2033.13,0.39,0,1541367399,0
8/20/2023,2033.2,2034.49,2008.13,2011.22,-1.07,0,1447408943,0
8/21/2023,2012.45,2019.41,1991.94,1998.28,-0.64,0,1408981602,0
8/22/2023,1998.14,2015.98,1990.34,2015.98,0.88,0,1332564770,0
8/23/2023,2016.79,2047.87,2016.06,2045.45,1.46,0,1510488985,0
8/24/2023,2045.85,2052.02,2009.1,2013.93,-1.54,0,1550582685,0
8/27/2023,2014.2,2015.85,1989.42,1993.38,-1.02,0,1262767877,0
8/28/2023,1994.03,2009.37,1989.97,1998.48,0.25,0,988628562.2,0
8/29/2023,1999,2002.7,1988.83,1993.42,-0.25,0,865120452.4,0
8/30/2023,1994.63,2001.43,1985.47,1990.59,-0.14,0,1130008041,0
9/3/2023,1990.81,1991.04,1959.14,1960.78,-1.49,0,1186618411,0
9/4/2023,1960.78,1977.43,1946.71,1967.83,0.35,0,1099139697,0
9/5/2023,1966.8,1973.7,1954.37,1961.37,-0.32,0,796870408,0
9/7/2023,1960.72,1960.72,1930.52,1932.45,-1.47,0,1150920608,0
9/10/2023,1933.25,1946.6,1933.12,1942.68,0.52,0,1072212419,0
9/11/2023,1942.98,1986.99,1942.25,1986.99,2.28,0,1518343397,0
9/12/2023,1987.16,1998.17,1962.97,1967.57,-0.97,0,1135057516,0
9/13/2023,1967.26,2007.06,1967.26,2007.06,2,0,1495521906,0
9/17/2023,2009.98,2010.02,1961.67,1964.91,-2.09,0,2028465611,0
9/18/2023,1965.44,1974.6,1953.15,1969.18,0.21,0,870444156.8,0
9/19/2023,1970.41,1985.74,1960.94,1985.43,0.82,0,1176680757,0
9/21/2023,1988.7,2040.03,1988.7,2029.78,2.23,0,3293921368,0
9/24/2023,2029.42,2036.76,2004.26,2010.35,-0.95,0,2326895207,0
9/25/2023,2012.21,2015.18,1999.89,2004.45,-0.29,0,1565573472,0
9/26/2023,2006.63,2030.46,2006.24,2022.91,0.92,0,2093809519,0
9/27/2023,2023.52,2026.54,1993.54,2004.3,-0.91,0,1814359022,0
10/1/2023,2004.57,2004.58,1964.61,1971.1,-1.65,0,1830486743,0
10/2/2023,1970.27,1982.49,1954.53,1976.29,0.26,0,1737314092,0
10/3/2023,1977.82,1977.82,1954.64,1958.72,-0.88,0,1199101325,0
10/4/2023,1958.86,1976.05,1957.28,1967.97,0.47,0,1189931385,0
10/5/2023,1967.57,1969,1954.39,1956.92,-0.56,0,1106519418,0
10/8/2023,1963.8,1963.8,1917.87,1921.24,-1.82,0,1801766294,0
10/9/2023,1919.96,1926.64,1902.9,1908.66,-0.65,0,1170172722,0
10/10/2023,1908.28,1912.44,1885.44,1889.59,-0.99,0,1283182145,0
10/11/2023,1890.04,1904.45,1884.42,1894.76,0.27,0,1088547980,0
10/12/2023,1895.27,1897.21,1870.26,1874.6,-1.06,0,1700129815,0
10/16/2023,1874.12,1876.25,1846.82,1851.43,-1.23,0,1253291071,0
10/17/2023,1851.17,1884.61,1851.17,1864.62,0.71,0,1008437861,0
10/18/2023,1864.27,1908.38,1864.27,1907.89,2.32,0,934894218.2,0
10/19/2023,1908.66,1915.9,1893.98,1903.84,-0.21,0,970612892,0
10/29/2023,1903.58,1903.71,1867.47,1875.65,-1.48,0,742925392.6,0
10/30/2023,1876.47,1878.7,1857.11,1878.7,0.16,0,694222217.4,0
10/31/2023,1878.28,1878.6,1860.47,1864.4,-0.76,0,571483276.5,0
11/1/2023,1864.18,1872.16,1853.62,1858.56,-0.31,0,812089291.3,0
11/2/2023,1858.26,1859.47,1842.85,1847.7,-0.58,0,964477711.4,0
11/5/2023,1846.75,1846.75,1817.94,1826.23,-1.16,0,972367278.9,0
11/6/2023,1826.67,1850.41,1824.56,1847.54,1.16,0,938929040.6,0
11/7/2023,1848.06,1864.83,1847.41,1858.76,0.6,0,996586291.9,0
11/8/2023,1858.1,1868.92,1851.21,1863.94,0.27,0,782743264.9,0
11/9/2023,1864.4,1866.16,1848.17,1852.08,-0.63,0,836005656.1,0
11/20/2023,1852.28,1872.64,1846.53,1853.48,0.07,0,1099318030,0
11/21/2023,1853.17,1853.4,1821.48,1829.65,-1.28,0,950479583.9,0
11/22/2023,1830.11,1850.33,1816.68,1850.33,1.13,0,1087098496,0
11/23/2023,1847.69,1863.93,1826.68,1860.2,0.53,0,1348347430,0
11/26/2023,1859.24,1907.95,1852.69,1907.95,2.56,0,2011763359,0
11/27/2023,1909.97,1926.12,1889.78,1896.67,-0.59,0,1754750756,0
11/28/2023,1896.4,1902.17,1885.33,1894.53,-0.11,0,1280228972,0
11/29/2023,1894.53,1906.77,1872.04,1876.6,-0.94,0,1236642243,0
11/30/2023,1874.24,1876.07,1851.4,1858.53,-0.96,0,1323519357,0
12/3/2023,1858.47,1861.62,1837.91,1851.23,-0.39,0,964010431.3,0
12/4/2023,1848.7,1859.09,1843.39,1847.81,-0.18,0,1197257895,0
12/5/2023,1849,1857.19,1833.08,1837.71,-0.54,0,1544935438,0
12/6/2023,1837.24,1841.59,1830.63,1841.04,0.18,0,1141812383,0
12/7/2023,1840.41,1861.19,1834.72,1852.77,0.63,0,2799146434,0
12/10/2023,1866.06,1959.73,1866.06,1963.98,6,0,451299087.7,0
12/11/2023,1989.53,1989.53,1928.84,1948.57,-0.78,0,4842774387,0
12/12/2023,1952.19,1990.15,1940.61,1985.44,1.89,0,4309019196,0
12/13/2023,1990.36,2016.87,1976.36,1988.04,0.13,0,3909198570,0
12/14/2023,1989.53,1997.07,1974.02,1994.6,0.32,0,3151635750,0
12/17/2023,1986.05,2022.35,1951.05,2022.35,1.39,0,5157846979,0
12/18/2023,2025.73,2070.24,2025.73,2060.49,1.88,0,6868177566,0
12/19/2023,2065.04,2106.48,2053.49,2106.48,2.23,0,5984699176,0
12/20/2023,2113.94,2150.17,2111.7,2141.87,1.68,0,7009575176,0
12/21/2023,2148.16,2154.19,2103.46,2109.1,-1.53,0,6274324812,0
12/24/2023,2113.68,2131.63,2083.58,2088.07,-0.99,0,7111733830,0
12/27/2023,2089.88,2107.74,2055.63,2070.84,-0.82,0,5248782611,0
12/28/2023,2072.08,2084.9,2059.65,2068.9,-0.09,0,4290932298,0
1/1/2024,2072.45,2095.46,2057.12,2060.15,-0.42,0,4483982461,0
1/2/2024,2060.46,2061.45,2024.47,2030.1,-1.45,0,4044659923,0
1/3/2024,2030.94,2058,2023.82,2058,1.37,0,4048857455,0
1/4/2024,2058.56,2071.97,2046.19,2049.28,-0.42,0,5581107805,0
1/7/2024,2049.9,2056.13,2019.98,2022.92,-1.28,0,5241408380,0
1/8/2024,2025.89,2059.49,2025.89,2059.49,1.8,0,4675224906,0
1/9/2024,2063.55,2097.93,2063.55,2080.12,1,0,6118317867,0
1/10/2024,2084.59,2116.28,2084.59,2089.62,0.45,0,5134848789,0
1/11/2024,2091.28,2106.28,2082.62,2088.99,-0.03,0,4307763277,0
1/14/2024,2093.46,2121.39,2093.46,2120.62,1.51,0,5450421806,0
1/16/2024,2125.19,2178.1,2125.19,2175.17,2.57,0,8023862407,0
1/17/2024,2181.8,2215.29,2154.2,2163.06,-0.55,0,9768969869,0
1/18/2024,2163.38,2167.15,2133.22,2155.82,-0.33,0,8174986283,0
1/21/2024,2156.51,2165.24,2124.18,2130.18,-1.18,0,7677740058,0
1/22/2024,2128.56,2134.24,2090.9,2098.69,-1.47,0,6366070003,0
1/23/2024,2096.99,2111.95,2087.51,2098.29,-0.01,0,4294566752,0
1/24/2024,2098.97,2119.55,2083.68,2088.04,-0.48,0,3897022599,0
1/25/2024,2088.49,2096.7,2073.09,2084.09,-0.18,0,3764505451,0
1/28/2024,2084.63,2097.47,2075.45,2094.46,0.49,0,3833776581,0
1/29/2024,2097.48,2114.31,2097.48,2104.72,0.48,0,4566522231,0
1/30/2024,2105.87,2127.94,2105.87,2119.61,0.7,0,5544217593,0
1/31/2024,2119.17,2131.27,2088.7,2097.93,-1.02,0,5295605057,0
2/1/2024,2103.2,2103.2,2063.78,2067.01,-1.47,0,4180632139,0
2/4/2024,2067.47,2072.79,2053.9,2061.7,-0.25,0,3216727222,0
2/5/2024,2063.92,2082.6,2060.77,2076.27,0.7,0,2438058255,0
2/6/2024,2073.83,2086.98,2068.18,2085.71,0.45,0,2591534908,0
2/7/2024,2095.1,2107.51,2086.97,2090.64,0.23,0,2842550237,0
2/8/2024,2092.41,2097.89,2082.96,2096.32,0.27,0,3212283454,0
2/11/2024,2101.27,2108.73,2083.76,2085.82,-0.5,0,4085678472,0
2/12/2024,2085.81,2103.56,2081.99,2101.16,0.73,0,3586984128,0
2/13/2024,2101.54,2101.54,2065.14,2070.59,-1.45,0,4667179304,0
2/14/2024,2071.71,2081.56,2064.85,2076.5,0.28,0,4252722895,0
2/15/2024,2075.62,2076.84,2055.82,2062.03,-0.69,0,3869118742,0
2/18/2024,2060.67,2061.08,2030.87,2034.82,-1.31,0,3775422196,0
2/20/2024,2034.78,2043.31,2026.24,2033.06,-0.08,0,3113556978,0
2/21/2024,2034.38,2044.15,2021.05,2026.59,-0.31,0,2241961799,0
2/22/2024,2027.57,2030.14,2000.63,2005.83,-1.02,0,3206167025,0
2/25/2024,2007.41,2011.64,1977.39,1979.02,-1.33,0,3086951071,0
2/26/2024,1980.89,1996.83,1973.35,1992.3,0.67,0,2017739061,0
2/27/2024,1992.69,2007.66,1981.27,2001.64,0.46,0,1869813526,0
2/28/2024,2002.5,2009.4,1992.63,2000.77,-0.04,0,2038100977,0
2/29/2024,2001.02,2007.14,1970.42,1972.09,-1.43,0,2598733479,0
3/3/2024,1972.62,1975.39,1946.47,1960.3,-0.59,0,2082786089,0
3/4/2024,1977.12,2078,1977.12,2078,6,0,375209978.3,0
3/5/2024,2094.71,2094.71,2003.98,2007.69,-3.38,0,4113676958,0
3/6/2024,2008.92,2036.26,1992.79,2017.03,0.46,0,3450838357,0
3/7/2024,2020.94,2040.67,2017.28,2030.55,0.67,0,3199205820,0
3/10/2024,2032.58,2061.14,2032.58,2052.65,1.08,0,2922771559,0
3/12/2024,2065.62,2111.21,2064.17,2111.21,2.85,0,4551632348,0
3/13/2024,2123.91,2123.91,2094.32,2108.72,-0.11,0,4248523332,0
3/14/2024,2110.55,2110.55,2074.18,2080.87,-1.32,0,3943592302,0
3/17/2024,2082.41,2085.31,2064.49,2070.25,-0.51,0,3387980384,0
3/18/2024,2073.59,2075.62,2060.48,2073.53,0.15,0,2885637819,0
3/19/2024,2074.53,2091.19,2064.5,2067.29,-0.3,0,3633936555,0
3/20/2024,2072.47,2084.46,2058.94,2063.95,-0.16,0,3496284036,0
3/21/2024,2065.48,2074.86,2045.33,2048.57,-0.74,0,4313017714,0
3/25/2024,2050.68,2037.6,2027.89,2031.55,-0.83,0,2489118485,0
3/26/2024,2033,2048.63,2032.16,2041.7,0.49,0,2354348503,0
3/27/2024,2042.09,2053.47,2025.19,2030.86,-0.53,0,2235485534,0
3/28/2024,2033.42,2039.13,2023.21,2035.64,0.23,0,2653349469,0
3/31/2024,2034.7,2040.27,2014.51,2018.33,-0.85,0,3205313025,0
4/1/2024,2017.17,2019.5,2007.03,2012.07,-0.31,0,2874754306,0
4/2/2024,2014.54,2017.82,2004.42,2010.21,-0.09,0,2291645585,0
4/3/2024,2011.65,2017.09,2000,2006.78,-0.17,0,2536233987,0
4/4/2024,2007.13,2011.24,2000.54,2004.05,-0.13,0,3037267308,0
4/7/2024,2009.05,2026.81,2000.37,2026.81,1.13,0,4256676334,0
4/9/2024,2035.16,2045.77,2030.66,2036.01,0.45,0,4143783989,0
4/10/2024,2038.1,2045.2,2016.75,2025.3,-0.52,0,3485660640,0
4/14/2024,2025.7,2031.86,2018.21,2023.35,-0.11,0,3063771798,0
4/15/2024,2022.31,2026.83,2002.51,2006.52,-0.83,0,2797577433,0
4/16/2024,2004.96,2004.96,1988.46,1991.71,-0.73,0,2103019219,0
4/18/2024,1992.37,1992.37,1967.45,1972.14,-0.98,0,2093612793,0
4/21/2024,1972.92,1984.43,1953.37,1984.43,0.62,0,2259959457,0
4/22/2024,1984.08,1992.55,1964.6,1969.02,-0.77,0,2058305185,0
4/24/2024,1969.41,1979.4,1963.36,1969.17,0,0,2536431998,0
4/25/2024,1971.36,1974.58,1960.92,1965.93,-0.16,0,2366975594,0
4/28/2024,1973.53,1981.31,1965.18,1980.27,0.72,0,2682586956,0
4/29/2024,1990.31,1990.31,1974.93,1980.34,0,0,2959458501,0
4/30/2024,1991.1,2016.57,1979.36,2006.28,1.3,0,4800044602,0
5/2/2024,2025.78,2025.78,1995.84,1998.96,-0.36,0,4133362726,0
5/5/2024,1998.44,1998.52,1970.23,1974.37,-1.23,0,3795748296,0
5/6/2024,1980.22,1980.22,1952.96,1958.75,-0.79,0,2891319980,0
5/7/2024,1959.91,1970.44,1955.22,1960.81,0.1,0,2140502622,0
5/8/2024,1961.27,1967.92,1954.39,1960.6,-0.01,0,2547030825,0
5/9/2024,1963.45,1970.35,1955.27,1966.23,0.28,0,3121286363,0
5/12/2024,1973.78,1981.57,1962.21,1974.5,0.42,0,3155142168,0
5/13/2024,1979.68,2000.14,1970.64,1998.89,1.23,0,3408608158,0
5/14/2024,2000.66,2027.51,1999.56,2027.51,1.43,0,4088853665,0
5/15/2024,2030.87,2048.23,2013.53,2017.97,-0.47,0,3708430055,0
5/16/2024,2029.1,2029.1,2009.56,2018.76,0.03,0,4233816404,0
5/19/2024,2044.81,2068.91,2028.15,2064.45,2.26,0,5251024787,0
5/20/2024,2069.88,2119.89,2069.88,2092,1.33,0,5854354212,0
5/21/2024,2095.56,2118.26,2081.11,2115.94,1.14,0,5206208112,0
5/22/2024,2116.71,2140.02,2109.24,2131.49,0.73,0,5687680913,0
5/26/2024,2135.22,2141.25,2106.44,2109.34,-1.03,0,4441538472,0
5/27/2024,2111.67,2124.31,2097.07,2113.27,0.18,0,3893764144,0
5/29/2024,2133.72,2152.85,2086.73,2089.42,-1.12,0,4575063274,0
5/30/2024,2091.02,2099.87,2065.68,2069.53,-0.95,0,4217494196,0
6/2/2024,2072.97,2085.87,2068.19,2083.04,0.65,0,4311015630,0
6/3/2024,2087.8,2095.67,2073.29,2079.07,-0.19,0,4004070244,0
6/4/2024,2086.91,2092.28,2078.19,2085.3,0.29,0,4084715877,0
6/5/2024,2087.73,2091.47,2072.47,2079.71,-0.26,0,3992976493,0
6/6/2024,2080.55,2088.61,2073.58,2077.78,-0.09,0,4388278720,0
6/9/2024,2093.71,2093.71,2069.01,2073.19,-0.22,0,5189079522,0
6/10/2024,2088.14,2088.77,2072.33,2082.09,0.42,0,5490609782,0
6/11/2024,2099.77,2115.24,2087.16,2115.24,1.59,0,5555361739,0
6/12/2024,2117.06,2133.73,2116.4,2121.62,0.3,0,5894089245,0
6/13/2024,2125.31,2126.61,2106.65,2112.29,-0.43,0,6443029208,0
6/16/2024,2116.03,2116.03,2090.32,2095.25,-0.8,0,5472253552,0
6/18/2024,2098.59,2098.59,2073.98,2076.49,-0.89,0,4055737884,0
6/19/2024,2077.74,2086.65,2073.43,2078.76,0.1,0,3404372633,0
6/20/2024,2095.13,2095.13,2063.99,2068.31,-0.5,0,3870744903,0
6/23/2024,2068.71,2079.15,2057.43,2062.94,-0.25,0,4374597459,0
6/24/2024,2063.1,2079.19,2059.15,2066.16,0.15,0,5077255116,0
6/25/2024,2067.31,2077.22,2067.31,2071.77,0.27,0,4187796834,0
6/26/2024,2075.77,2077.11,2055.62,2060.16,-0.56,0,4058047734,0
6/27/2024,2059.6,2059.74,2047.02,2051.92,-0.4,0,3715903825,0
6/30/2024,2051.77,2059.28,2034.81,2037.09,-0.72,0,3607198408,0
7/1/2024,2038.7,2053.38,2030.5,2053.38,0.8,0,2999964257,0
7/2/2024,2085.82,2162.49,2085.82,2100.43,2.29,0,4576831720,0
7/3/2024,2101.83,2104.22,2077.45,2104.22,0.18,0,5083528935,0
7/4/2024,2107.77,2129.08,2106.04,2119.7,0.73,0,6482546981,0
7/7/2024,2121.99,2146.81,2121.99,2140.97,1,0,6002931855,0
7/8/2024,2143.95,2149.17,2128.79,2136.35,-0.21,0,4569836106,0
7/9/2024,2138.61,2152.14,2130.07,2152.14,0.73,0,5535958885,0
7/10/2024,2162.82,2176.48,2162.13,2175.4,1.08,0,5744083392,0
7/11/2024,2188.63,2205.15,2185.02,2204.61,1.34,0,7080698146,0
7/14/2024,2239.41,2290.95,2230.5,2257.59,2.4,0,7620498521,0
7/15/2024,2277.85,2287.15,2231.69,2240.41,-0.76,0,8731436037,0
7/16/2024,2243.11,2310.84,2231.83,2310.59,3.13,0,9138629642,0
7/17/2024,2323.71,2364.76,2311.93,2364.63,2.33,0,12059266113,0
7/18/2024,2373.57,2459.94,2355.59,2424.32,2.52,0,15548684747,0
7/21/2024,2431.55,2494.71,2408.25,2485.94,2.54,0,15238271291,0
7/22/2024,2491.17,2504.53,2441.56,2488.09,0.08,0,13915535441,0
7/23/2024,2493.92,2563.45,2469.56,2563.43,3.02,0,14116330996,0
7/24/2024,2573.28,2600.41,2513.43,2536.11,-1.06,0,16208577315,0
7/25/2024,2540.14,2572.88,2518.47,2568.11,1.26,0,14137899049,0
7/28/2024,2606.42,2708.58,2606.4,2681.56,4.41,0,15810596235,0
7/29/2024,2706.73,2737.68,2655.15,2661.09,-0.76,0,19609177106,0
7/30/2024,2669.41,2709.89,2609.02,2696.65,1.33,0,17266391543,0
7/31/2024,2708.24,2791.02,2707.57,2760.9,2.38,0,21911503161,0
8/1/2024,2772.23,2805.57,2742.53,2755.62,-0.19,0,21713431008,0
8/5/2024,2770.38,2806.69,2744.1,2796.38,1.47,0,21864992278,0
8/6/2024,2802.04,2815.94,2644.85,2651.32,-5.18,0,23716716874,0
8/7/2024,2644.73,2759.67,2630.86,2759.67,4.08,0,17950918628,0
8/8/2024,2772.84,2811.15,2744.86,2766.38,0.24,0,20070434103,0
8/11/2024,2780.08,2860.96,2779.24,2860.91,3.41,0,25779453510,0
8/12/2024,2876.48,2937.4,2876.46,2931.65,2.47,0,27242034766,0
8/13/2024,2947.7,2971.69,2891.43,2923.46,-0.27,0,21515010633,0
8/14/2024,2936.62,2959.19,2883.81,2957.75,1.17,0,23430581150,0
8/15/2024,2979.89,3036.64,2975.11,3000.81,1.45,0,29958519217,0
8/18/2024,3017.2,3048.15,2945.49,2966.33,-1.15,0,28836997376,0
8/21/2024,2981.03,3002.74,2943.61,2968.44,0.07,0,18906373792,0
8/22/2024,2974.78,3018.93,2967.47,2974.46,0.2,0,19160652086,0
8/25/2024,2987.06,2990.04,2885.39,2894.57,-2.68,0,19740593801,0
8/27/2024,2899.79,2902.75,2770.39,2782.6,-3.86,0,18649533170,0
8/28/2024,2791.09,2860.89,2761.02,2786.4,0.13,0,13727368394,0
8/29/2024,2791.29,2800.28,2727.57,2749.57,-1.32,0,12243601366,0
9/1/2024,2749.68,2781.75,2686.61,2695.93,-1.95,0,10517682349,0
9/2/2024,2698,2823.7,2678.91,2823.25,4.72,0,13104631803,0
9/3/2024,2834.42,2860.43,2802.92,2830.16,0.24,0,13577105289,0
9/4/2024,2860.07,2860.39,2732.4,2739.46,-3.2,0,12925688215,0
9/5/2024,2740.21,2758.92,2686.62,2727.36,-0.44,0,9651513246,0
9/8/2024,2732.82,2760.45,2697.84,2701.9,-0.93,0,10122408249,0
9/9/2024,2702.56,2706.54,2637.71,2646.03,-2.06,0,9439106426,0
9/10/2024,2648.57,2688.26,2616.98,2632.94,-0.49,0,7245568421,0
9/11/2024,2636.29,2651.19,2601.91,2610.21,-0.86,0,6851179051,0
9/12/2024,2625.46,2688.52,2604.83,2688.53,3,0,8169274613,0
9/15/2024,2698.51,2734.58,2630.11,2637.79,-1.88,0,10339235957,0
9/16/2024,2635.96,2637.53,2570.62,2580.76,-2.16,0,7361988384,0
9/18/2024,2584.34,2606.04,2551.4,2576.76,-0.15,0,5669194962,0
9/22/2024,2601.29,2643.51,2570.27,2588.35,0.44,0,5092948691,0
9/23/2024,2607.85,2608.43,2517.79,2529.33,-2.28,0,5660302684,0
9/24/2024,2529.14,2547.47,2462.61,2470.39,-2.33,0,5689561357,0
9/25/2024,2473.06,2519.97,2443.28,2519.57,1.99,0,4813223004,0
9/26/2024,2519.03,2541.69,2479.65,2486.76,-1.3,0,4841407720,0
9/29/2024,2483.91,2494.57,2442.61,2464.4,-0.89,0,4050658037,0
9/30/2024,2466.6,2508.86,2462.79,2508.86,1.8,0,3715359935,0
10/1/2024,2510.34,2623.56,2510.11,2623.56,4.57,0,7616522258,0
10/2/2024,2629.76,2643.76,2582.72,2597.49,-0.99,0,6778195881,0
10/6/2024,2597.51,2653.63,2583.25,2653.58,2.15,0,6138206706,0
10/7/2024,2656.86,2707.16,2656.35,2690.72,1.39,0,7095953027,0
10/8/2024,2692.49,2699.55,2652.66,2663.32,-1.01,0,4593727244,0
10/9/2024,2661.79,2672.65,2643.12,2668.17,0.18,0,3761512707,0
10/15/2024,2668.08,2700.23,2667.82,2699.66,1.17,0,3062337799,0
10/16/2024,2704.69,2748.8,2704.04,2742.88,1.6,0,5660237738,0
10/17/2024,2747.69,2780.97,2734.19,2745.36,0.09,0,7192792167,0
10/20/2024,2733.37,2748.78,2689.46,2697.91,-1.72,0,8180262572,0
10/21/2024,2698.72,2700.82,2635.43,2639.92,-2.14,0,5900791044,0
10/22/2024,2640.18,2669.38,2632.62,2665.81,0.98,0,4171665620,0
10/23/2024,2675.2,2684.66,2637.54,2645.39,-0.76,0,6278951854,0
10/24/2024,2646.49,2650.18,2614.65,2627.14,-0.68,0,5419104157,0
10/27/2024,2629.83,2632.94,2610.14,2617.95,-0.34,0,4732487865,0
10/28/2024,2620.93,2647.23,2620.66,2645.36,1.04,0,5344800912,0
10/29/2024,2648.36,2692.11,2647.99,2692.05,1.76,0,6128264580,0
10/30/2024,2693.87,2705.24,2671.3,2677.62,-0.53,0,5953950788,0
11/5/2024,2678.97,2696.85,2670.12,2677.4,0,0,4205505238,0
11/6/2024,2679.47,2684.81,2669.19,2675.51,-0.07,0,5222486851,0
11/10/2024,2681.58,2738.12,2680.7,2738.06,2.33,0,9771124074,0
11/11/2024,2740.12,2782.43,2734.41,2760.21,0.8,0,11315207127,0
11/12/2024,2765.69,2788.35,2741.63,2748.96,-0.4,0,7859740799,0
11/13/2024,2754.62,2757.38,2728.11,2734.83,-0.51,0,7911976449,0
11/14/2024,2739,2762.51,2729.67,2748.78,0.51,0,10320331436,0
11/17/2024,2753.45,2788.12,2748.29,2753.76,0.18,0,11726756905,0
11/19/2024,2758.41,2759.54,2696.42,2702.65,-1.85,0,10468320522,0
11/20/2024,2705.16,2713.93,2683.79,2711.75,0.33,0,7092879946,0
11/21/2024,2711.55,2722.59,2676.25,2680.44,-1.15,0,8257643887,0
11/24/2024,2690.52,2698.76,2661.22,2667.4,-0.48,0,7728861251,0
11/25/2024,2682.28,2694.67,2661.21,2683.24,0.59,0,6345809598,0
11/26/2024,2704.57,2719.84,2685.64,2716.66,1.24,0,7449898988,0
11/27/2024,2721.76,2755.98,2721.35,2756.36,1.46,0,9312754840,0
11/28/2024,2757.13,2774.14,2738.8,2748.05,-0.3,0,8545501623,0
12/1/2024,2762.46,2764.85,2707.94,2738.06,-0.36,0,8832306920,0
12/2/2024,2749.26,2773.47,2746.47,2758.04,0.72,0,10541746564,0
12/3/2024,2772.74,2793.03,2751.31,2775.85,0.64,0,8521219300,0
12/4/2024,2795.71,2795.78,2747.65,2750.87,-0.89,0,9132468907,0
12/5/2024,2752.39,2764.29,2717.34,2734.93,-0.57,0,8369687403,0
12/8/2024,2735.65,2735.67,2675.92,2689,-1.67,0,7460305000,0
12/9/2024,2687.74,2709.58,2662.36,2676.15,-0.47,0,5629945822,0
12/10/2024,2676.14,2694.85,2660.36,2669.82,-0.23,0,4413320291,0
12/11/2024,2671.32,2715.71,2662.72,2715.71,1.71,0,5050654450,0
12/12/2024,2715.71,2730.31,2678.09,2682.29,-1.23,0,6144065744,0
12/16/2024,2683.99,2684.32,2622.76,2630.91,-1.91,0,5935604847,0
12/17/2024,2633.28,2648.55,2611.89,2633.87,0.11,0,4343234741,0
12/18/2024,2634.67,2656.08,2621,2628.26,-0.21,0,4270082576,0
12/19/2024,2626.79,2634.57,2593.18,2596.82,-1.19,0,4760267483,0
12/22/2024,2587.3,2614.28,2569,2583.29,-0.52,0,4518385107,0
12/23/2024,2582.35,2612.2,2580.49,2612.2,1.11,0,4430024603,0
12/24/2024,2615.7,2645.2,2612.94,2626.31,0.54,0,5202263039,0
12/26/2024,2625.39,2639.08,2607.75,2630.71,0.15,0,5329274455,0
12/29/2024,2631.98,2641.17,2601.84,2609.58,-0.8,0,5474868765,0
12/31/2024,2613.66,2613.66,2545.51,2576.5,-1.26,0,5674686091,0
1/1/2025,2577.43,2589.42,2567.97,2581.6,0.19,0,3597445334,0
1/2/2025,2583.94,2586.23,2566.27,2586.23,0.17,0,4603282379,0
1/5/2025,2586.03,2592.91,2574.43,2591.56,0.2,0,4860201975,0
1/6/2025,2601.09,2640.73,2594.34,2640.68,1.89,0,6305431855,0
1/7/2025,2654.34,2656.52,2625.24,2646.84,0.23,0,5384672296,0
1/8/2025,2670.3,2672.14,2642.59,2653.23,0.24,0,6407992784,0
1/9/2025,2656.49,2656.61,2629.06,2635.09,-0.68,0,7305342582,0
1/12/2025,2651.67,2654.82,2602.46,2609.67,-0.96,0,3997909324,0
1/13/2025,2610.05,2615.55,2580.74,2594.13,-0.59,0,6650883104,0
1/15/2025,2596.82,2611.38,2589.99,2595.96,0.07,0,5824904135,0
1/16/2025,2598.66,2616.97,2580.4,2588.62,-0.28,0,5933711675,0
1/19/2025,2590.14,2604.01,2580.01,2601.21,0.48,0,6257235624,0
1/20/2025,2602.88,2623.61,2600.77,2607.99,0.26,0,6570477886,0
1/21/2025,2608.4,2618.99,2597.61,2613.08,0.19,0,6190141891,0
1/22/2025,2616.66,2667.23,2614.37,2665.45,2,0,9203088350,0
1/23/2025,2670.23,2681.49,2644.79,2654.35,-0.41,0,7857792326,0
1/26/2025,2656.75,2662.36,2638.65,2643.93,-0.39,0,9128673515,0
1/27/2025,2642.3,2650.71,2625.58,2633.27,-0.4,0,8924065889,0
1/28/2025,2634.86,2657.96,2634.69,2657.77,0.93,0,9402678034,0
2/2/2025,2662.24,2727.58,2662.01,2727.58,2.62,0,12955764137,0
2/3/2025,2728.64,2764.17,2720.42,2730,0.08,0,11875967538,0
2/4/2025,2733.41,2745.15,2707.37,2715.91,-0.51,0,8919697775,0
2/5/2025,2719.41,2726.07,2704.24,2711.45,-0.16,0,8958007305,0
2/6/2025,2713.66,2720.48,2691.56,2699.81,-0.42,0,9247375287,0
2/9/2025,2697.31,2725.95,2683.28,2688.31,-0.42,0,8398660629,0
2/10/2025,2684.8,2699.79,2666.72,2677.32,-0.4,0,6960292235,0
2/11/2025,2678.08,2691.91,2673.03,2683.86,0.24,0,7246221260,0
2/12/2025,2686.8,2697.41,2679.78,2685.73,0.06,0,8717847063,0
2/13/2025,2686.77,2697.34,2673.88,2678.47,-0.27,0,7921300983,0
2/16/2025,2676.91,2698.31,2675.9,2698.03,0.73,0,9470308266,0
2/17/2025,2701.26,2738,2700.53,2727.91,1.1,0,10049654833,0
2/18/2025,2735.97,2757.3,2726.43,2740.59,0.46,0,10437006215,0
2/20/2025,2738.93,2752.35,2720.69,2743.74,0.11,0,8627687600,0
2/23/2025,2724.09,2768.9,2690.42,2755.4,0.42,0,11548337613,0
2/24/2025,2754.54,2785.1,2746,2758.75,0.12,0,11085464759,0
2/25/2025,2759.07,2781.95,2758.84,2765.88,0.25,0,9909386228,0
2/27/2025,2786.65,2827.15,2785.98,2815.04,1.77,0,11392401816,0
3/2/2025,2829.12,2890.28,2826.86,2890.28,2.67,0,14250475737,0
3/3/2025,2900.16,2929.21,2867.46,2876.66,-0.47,0,14284510596,0
3/4/2025,2877.22,2894.62,2842.78,2846.3,-1.05,0,12946493939,0
3/5/2025,2846.91,2850.16,2808.75,2821.13,-0.88,0,10972654473,0
3/6/2025,2822.74,2834.07,2811.37,2818.43,-0.09,0,10101817682,0
3/9/2025,2819.92,2819.92,2766.08,2772.1,-1.64,0,10093624482,0
3/10/2025,2770.17,2791.03,2743.65,2751.42,-0.74,0,8378055058,0
3/11/2025,2752.31,2762.25,2712.74,2719.2,-1.17,0,8391149050,0
3/12/2025,2718.35,2745.58,2717.29,2736.48,0.63,0,8235268755,0
3/16/2025,2735.97,2739.55,2693.55,2714.85,-0.79,0,6836640408,0
3/17/2025,2715.75,2732.51,2699.2,2704.7,-0.37,0,5408314075,0
3/18/2025,2721.81,2723.89,2690.58,2697.04,-0.28,0,4346632264,0
3/19/2025,2699.18,2706.16,2676.69,2682.15,-0.55,0,5143997643,0
3/20/2025,2679.91,2685.87,2666.69,2669.31,-0.47,0,4561311283,0
3/23/2025,2667.61,2669,2614.09,2614.68,-2.04,0,6320141366,0
3/24/2025,2610.45,2645.99,2592.32,2640.78,0.99,0,4483599004,0
3/25/2025,2652.87,2652.87,2581.32,2582.73,-2.19,0,5180718708,0
3/26/2025,2580.18,2625.6,2579.45,2621.86,1.51,0,4204408895,0
3/27/2025,2632.12,2665.17,2621.46,2663.3,1.58,0,5223083341,0
3/30/2025,2661.4,2718.95,2657.88,2693.12,1.11,0,7568226197,0
4/1/2025,2691.59,2696.5,2654.57,2676.17,-0.62,0,5797791700,0
4/2/2025,2693.11,2712.25,2669.06,2700.04,0.89,0,5444435901,0
4/3/2025,2700.4,2732.85,2700.23,2703.39,0.12,0,7844642487,0
4/7/2025,2702.09,2710.13,2667.56,2670.06,-1.23,0,5658973766,0
4/8/2025,2671.62,2674.88,2631.68,2666.61,-0.12,0,5309562287,0
4/9/2025,2681.86,2701.12,2671.65,2676.28,0.36,0,4484619741,0
4/10/2025,2677.57,2687.92,2667,2670.7,-0.2,0,5637981250,0
4/13/2025,2673.01,2676.7,2657.32,2662.08,-0.32,0,6280296245,0
4/15/2025,2678.51,2704.58,2669.22,2689.22,1.01,0,8544357888,0
4/16/2025,2702.46,2704.97,2685.36,2696.23,0.26,0,7265122242,0
4/17/2025,2701.22,2740.13,2697.63,2722.73,0.98,0,10797363282,0
4/20/2025,2724.51,2731.81,2700.85,2706.04,-0.61,0,8433589785,0
4/21/2025,2704.18,2716.7,2691.07,2698.28,-0.28,0,8775720294,0
4/22/2025,2695.14,2707.86,2682.8,2688.32,-0.36,0,8321226373,0
4/23/2025,2687.68,2687.68,2653.74,2655.94,-1.2,0,7575517247,0
4/24/2025,2656.49,2668.06,2641.88,2658.02,0.07,0,7879381268,0
4/27/2025,2657.66,2684.51,2657.37,2661.6,0.13,0,10875991144,0
4/28/2025,2661.01,2676.05,2645.24,2647.07,-0.54,0,8912843920,0
4/29/2025,2648.98,2666.54,2630.3,2631.98,-0.57,0,7575206278,0
4/30/2025,2631.9,2642.07,2622.72,2623.83,-0.3,0,9374122656,0
5/4/2025,2628.03,2645.67,2619.26,2620.39,-0.13,0,9245583316,0
5/5/2025,2618.33,2630.36,2604.79,2610.4,-0.38,0,7634193694,0
5/6/2025,2608.59,2625.7,2608.57,2611.43,0.03,0,8747668846,0
5/7/2025,2613.78,2676.25,2611.71,2673.69,2.38,0,10518406353,0
5/8/2025,2674.7,2687.38,2655.79,2661.64,-0.45,0,11650017852,0
5/11/2025,2661.55,2692.5,2648.48,2649.11,-0.47,0,10202701344,0
5/13/2025,2650.54,2669.28,2632.29,2634.23,-0.56,0,9629346054,0
5/14/2025,2635.21,2642.96,2619.64,2620.27,-0.53,0,8736570105,0
5/15/2025,2623.24,2628.67,2605.89,2611.85,-0.32,0,7083348241,0
5/18/2025,2608.25,2625.26,2606.09,2609.05,-0.1,0,8509221313,0
5/19/2025,2606.73,2639.69,2605.03,2628.36,0.74,0,7358855085,0
5/20/2025,2627.68,2681.58,2617.46,2677.45,1.86,0,7312790196,0
5/21/2025,2712.35,2771.47,2667.85,2669.51,-0.29,0,10698651681,0
5/22/2025,2674.1,2705.56,2669.58,2688.55,0.71,0,9822070682,0
5/25/2025,2693.04,2703.78,2665.48,2679.98,-0.31,0,7609514022,0
5/26/2025,2712.89,2745.89,2670.35,2674.76,-0.19,0,7585022591,0
5/27/2025,2674.15,2684.77,2655.29,2675.62,0.03,0,6527839582,0
5/28/2025,2675.6,2696.78,2666.5,2693.06,0.65,0,8586004334,0
6/2/2025,2715.99,2726.6,2686.93,2694.66,0.05,0,9226322933,0
6/3/2025,2694.04,2699.28,2656.34,2658.93,-1.32,0,6679561325,0
6/4/2025,2660.21,2664.59,2641.07,2646.95,-0.45,0,5163334523,0
6/5/2025,2643.84,2661.77,2635.3,2640.96,-0.22,0,7970886663,0
6/8/2025,2639.24,2645.22,2626.39,2629.89,-0.41,0,9137414919,0
6/9/2025,2629.22,2657.34,2627.76,2653.09,0.88,0,8689350320,0
6/10/2025,2654.08,2683.25,2653.57,2678.17,0.94,0,10160981076,0
6/11/2025,2677.52,2686.45,2660.86,2664.47,-0.51,0,9907005575,0
6/12/2025,2665.23,2672.42,2654.69,2655.38,-0.34,0,12515308962,0
6/15/2025,2654.61,2667.68,2653.43,2655.85,0.01,0,11443272637,0
6/16/2025,2652.13,2679.74,2652.13,2658.66,0.1,0,13186945742,0
6/17/2025,2659.27,2670.25,2649.6,2654.75,-0.14,0,7653249313,0
6/18/2025,2654.5,2662.69,2649.78,2653.68,-0.04,0,9085886877,0
6/19/2025,2650.96,2661.33,2628.27,2628.91,-0.93,0,11231489965,0
6/22/2025,2628.83,2631.82,2594.01,2595.97,-1.25,0,9145858510,0
6/23/2025,2598.83,2608.56,2584.47,2600.76,0.18,0,6471952678,0
6/24/2025,2603.46,2629.26,2599.72,2600.53,0,0,5767895001,0
6/25/2025,2601.03,2607.71,2594.34,2600.2,-0.01,0,5942852256,0
6/26/2025,2599.84,2617.65,2594.71,2595.74,-0.17,0,7780159283,0
6/29/2025,2594.97,2626.21,2594.23,2622.28,1.02,0,7121736114,0
6/30/2025,2627.51,2638.72,2622.5,2631.48,0.35,0,6387207015,0
7/1/2025,2633.05,2663.24,2632.19,2660.39,1.09,0,7033050287,0
7/2/2025,2667.58,2696.13,2661.37,2694.82,1.29,0,9744843376,0
7/3/2025,2700.13,2716.93,2685.77,2703.96,0.33,0,9645550680,0
7/6/2025,2708.23,2721.58,2697.64,2706.36,0.08,0,9500003269,0
7/7/2025,2715.59,2718.1,2680.45,2684.01,-0.82,0,8377327148,0
7/8/2025,2683.77,2690.13,2662.59,2683.86,0,0,6574166815,0
7/9/2025,2679.37,2707.91,2679.16,2705.9,0.82,0,7451877102,0
7/10/2025,2708.43,2743.09,2706.89,2731.8,0.95,0,9682488740,0
7/13/2025,2767.57,2798.75,2757.89,2760.8,1.06,0,11416428467,0
7/14/2025,2761.96,2765.91,2723.82,2725.71,-1.27,0,8172143326,0
7/15/2025,2725.63,2763.27,2724.9,2760.17,1.26,0,9419165808,0
7/16/2025,2759.58,2803.78,2759.11,2794.78,1.25,0,14034839880,0
7/17/2025,2797.41,2878.77,2796.58,2870.63,2.71,0,16592105455,0
7/20/2025,2878.41,2922.84,2861.06,2870.95,0.01,0,21464994133,0
7/21/2025,2874.18,2902.94,2856.88,2892.72,0.75,0,16327115239,0
7/22/2025,2895.07,2975.77,2894.48,2973.7,2.79,0,20085367294,0
7/23/2025,2976.19,2992.26,2947.86,2978.88,0.17,0,19575270558,0
7/24/2025,2982.97,2990.45,2963.79,2982.64,0.12,0,18490428794,0
7/27/2025,2984.91,3013.17,2958.34,2964.2,-0.61,0,26577438238,0
7/28/2025,2967.51,2976.92,2917.51,2971.31,0.23,0,19360873034,0
7/29/2025,2976,3028.79,2976,3002.07,1.03,0,18529322886,0
7/30/2025,3008.33,3020.17,2947.71,2954.14,-1.59,0,16441354409,0
7/31/2025,2961.99,2967.03,2915.47,2922.63,-1.06,0,15988911994,0
8/3/2025,2923.87,2923.88,2856.95,2858.9,-2.18,0,13075004920,0
8/4/2025,2857.27,2890.05,2832.6,2875.36,0.57,0,10822449403,0
8/5/2025,2875.6,2906.24,2831.63,2834,-1.43,0,9333976882,0
8/6/2025,2840.03,2856.63,2826.86,2832.06,-0.06,0,7631375953,0
8/7/2025,2831.29,2861.34,2831.27,2850.37,0.64,0,8537581255,0
8/11/2025,2852.72,2875.45,2820.05,2822.46,-0.97,0,10210142308,0
8/12/2025,2824,2828.57,2796.56,2796.24,-0.92,0,6918983508,0
8/13/2025,2799.13,2813.59,2784.49,2785.74,-0.37,0,6161894735,0
8/14/2025,2789.54,2802.14,2784.15,2788.36,0.09,0,7464177704,0
8/17/2025,2789.85,2803.25,2761.37,2761.22,-0.97,0,7735195095,0
8/18/2025,2760.55,2779.68,2755.88,2770.39,0.33,0,6179855210,0
8/19/2025,2769.39,2796.88,2769.23,2776.9,0.23,0,5636548038,0
8/20/2025,2773.36,2783.02,2766.64,2767.2,-0.34,0,5200753868,0
8/21/2025,2767.51,2775.34,2756.85,2757.97,-0.33,0,5020104817,0
8/24/2025,2754.57,2770.8,2737.85,2739.95,-0.65,0,6548638336,0
8/25/2025,2740.3,2764.95,2730.74,2761.26,0.77,0,5753219653,0
8/26/2025,2764.3,2775.09,2760.73,2766.09,0.17,0,4185315734,0
8/27/2025,2781.32,2822.79,2767.77,2819.1,1.91,0,7683386442,0
8/28/2025,2820,2824.85,2778.92,2781,-1.35,0,8095610446,0
8/31/2025,2784.12,2784.56,2745.69,2749.83,-1.12,0,6061822379,0
9/1/2025,2768.39,2773.69,2741.39,2761.86,0.43,0,5105746658,0
9/2/2025,2777.38,2791.67,2741.46,2741.97,-0.72,0,4438251813,0
9/3/2025,2744.33,2749.88,2724.99,2726.33,-0.57,0,4728052861,0
9/4/2025,2723.81,2732.75,2702.25,2719.77,-0.24,0,5144322259,0
9/7/2025,2714.23,2727.47,2705.77,2708.25,-0.42,0,4402767272,0
9/8/2025,2707.1,2711.84,2663.78,2672.25,-1.32,0,5233766698,0
9/18/2025,2637.96,2637.97,2511.91,2511.91,-6,0,728702830.7,0
9/21/2025,2488.04,2634.55,2483.15,2623.62,4.44,0,8737881679,0
9/23/2025,2631.12,2682.28,2630.97,2682.25,2.23,0,5292773925,0
9/24/2025,2683.54,2689.67,2645.3,2654.35,-1.03,0,4124769657,0
9/25/2025,2654,2661.42,2637.37,2652,-0.08,0,3260440604,0
9/28/2025,2655.79,2671.68,2647.96,2663.51,0.43,0,2935914911,0
10/7/2025,2662.53,2664.99,2596.04,2604.96,-2.19,0,4629042657,0
10/8/2025,2610.27,2610.31,2535.3,2559.59,-1.74,0,5762701111,0
10/9/2025,2585.76,2677.09,2575.51,2582.18,0.88,0,5273221480,0
10/12/2025,2583.97,2584.24,2493.16,2503.35,-3.05,0,6707245266,0
10/13/2025,2521,2547.81,2478.39,2547.6,1.76,0,4975408545,0
10/14/2025,2547.76,2553.57,2523.58,2528.16,-0.76,0,3366198262,0
10/15/2025,2527.95,2528.59,2498.87,2505.58,-0.89,0,3101830945,0
10/16/2025,2505.71,2522.59,2478.56,2487.17,-0.73,0,3270054864,0
10/19/2025,2489.07,2507.12,2482.94,2503.85,0.67,0,2791189909,0
10/26/2025,2503.32,2509.08,2469.37,2509.04,0.2,0,2661302285,0
10/28/2025,2506.89,2576.41,2503.98,2571.34,2.48,0,4573943406,0
10/29/2025,2570.58,2602.98,2557.74,2566.16,-0.2,0,5459767682,0
10/30/2025,2568.62,2605.5,2548.39,2600.38,1.33,0,7513938473,0
11/2/2025,2614.13,2638.12,2593.67,2631.14,1.18,0,9203146430,0
11/3/2025,2629.66,2650.61,2610.96,2622.89,-0.31,0,6052226904,0
11/4/2025,2623.73,2627.56,2587.28,2595.24,-1.05,0,5150768939,0
11/5/2025,2596.81,2612.53,2576.83,2607.42,0.46,0,4681922815,0
11/6/2025,2609.7,2622.44,2589.63,2596.12,-0.43,0,5416939357,0
11/9/2025,2598.43,2599.27,2560.92,2566.09,-1.15,0,4907624328,0
11/10/2025,2570.15,2576.85,2544.1,2561.94,-0.16,0,4514408236,0
11/11/2025,2563.87,2569.99,2548.01,2565.16,0.12,0,3626175111,0
11/12/2025,2565.72,2569.52,2540.24,2544.59,-0.8,0,3848586412,0
11/13/2025,2538.53,2559.01,2530.32,2545.73,0.04,0,3499817773,0
11/16/2025,2549.85,2550.18,2533.03,2540.57,-0.2,0,3893975794,0
11/17/2025,2543.82,2555.32,2534.97,2550.36,0.38,0,3946074359,0
11/18/2025,2549.2,2579.12,2547.42,2566.07,0.61,0,4105406134,0
11/19/2025,2570.94,2580.09,2550.62,2561.08,-0.19,0,3778632771,0
11/20/2025,2560.11,2563.92,2549.82,2560.29,-0.03,0,4688868299,0
11/23/2025,2562.34,2600.93,2562.34,2600.22,1.55,0,6286733917,0
11/24/2025,2601.2,2647.58,2601.11,2650.66,1.94,0,7035480137,0
11/25/2025,2654.2,2658.19,2635.55,2655.99,0.2,0,5823028664,0
11/26/2025,2661.64,2671.91,2647.39,2665.6,0.36,0,6692971095,0
11/27/2025,2670.07,2678.29,2658.12,2676.03,0.39,0,6662383143,0
11/30/2025,2675.17,2694.89,2644.13,2649.52,-0.99,0,7085449434,0
12/1/2025,2648.33,2658.42,2630.66,2645.24,-0.16,0,4716383581,0
12/2/2025,2640.9,2652.52,2638.17,2644.7,-0.02,0,4481394150,0
12/3/2025,2647.52,2658.27,2623.1,2631.17,-0.51,0,5235699337,0
12/7/2025,2629.69,2636.97,2602.95,2609.69,-0.81,0,5334415331,0
12/8/2025,2609.79,2618.22,2601.38,2606.67,-0.11,0,4669548743,0
12/9/2025,2607.35,2620.57,2605.6,2614.07,0.28,0,3755027796,0
12/10/2025,2613.63,2618.53,2596.7,2609.03,-0.19,0,3738772373,0
12/11/2025,2608.15,2611.99,2601.5,2607.37,-0.06,0,3497979757,0
12/14/2025,2607.08,2614.31,2587.88,2594.87,-0.47,0,4007455077,0
12/15/2025,2593.52,2602.89,2587.23,2601.61,0.25,0,3441903770,0
12/16/2025,2602.19,2619.99,2600.86,2619.99,0.7,0,3294227122,0
12/17/2025,2622.32,2632.81,2619.14,2625.69,0.21,0,4053720782,0
12/18/2025,2629.92,2631.09,2608.89,2615.03,-0.4,0,4577827903,0
12/21/2025,2614.45,2616.25,2588.73,2595.1,-0.76,0,4528715671,0
12/22/2025,2595.07,2597.16,2574.84,2581.21,-0.53,0,3515930718,0
12/23/2025,2579.38,2584.72,2568.94,2584.49,0.12,0,3429893942,0
12/24/2025,2585.51,2593.57,2577.63,2585.87,0.05,0,3224664663,0
12/28/2025,2586.64,2633.8,2586.41,2633.42,1.83,0,5531370062,0
12/29/2025,2639.98,2642.67,2618.19,2622.88,-0.4,0,4774786035,0
12/31/2025,2622.65,2643.64,2622.1,2633.76,0.41,0,5134850052,0
1/1/2026,2634.96,2637.1,2613.5,2620.92,-0.48,0,4713905471,0
1/4/2026,2616.81,2618.62,2604.42,2610.63,-0.39,0,5017587294,0
1/5/2026,2610.57,2639.56,2609.51,2639.37,1.1,0,6473736099,0
1/6/2026,2640.81,2662.66,2639.88,2649.3,0.37,0,7123365296,0
1/7/2026,2651.04,2654.62,2630.86,2635.94,-0.5,0,5175091992,0
1/8/2026,2633.84,2640.56,2627.88,2640.54,0.17,0,4908094093,0
1/12/2026,2643.18,2651.76,2628.98,2635,-0.2,0,6472607802,0
1/13/2026,2633.21,2653.66,2631.78,2639.91,0.18,0,6990484039,0
1/14/2026,2636.51,2648.98,2633,2641.43,0.05,0,6209438906,0
1/18/2026,2640.54,2672.73,2640.13,2672.55,1.17,0,8402797776,0
1/20/2026,2679.1,2726.74,2678.81,2714.81,1.58,0,11858421071,0
1/21/2026,2717.7,2728.05,2695.1,2705.38,-0.34,0,8923650347,0
1/22/2026,2706.36,2714.67,2693.04,2714.61,0.34,0,9073978099,0
1/25/2026,2716.25,2772.22,2715.78,2772.17,2.12,0,13785729645,0
1/26/2026,2776.84,2788.09,2746.87,2769.09,-0.11,0,16355730467,0
1/27/2026,2769,2782.96,2718.85,2726.51,-1.53,0,14167179443,0
1/28/2026,2728.31,2735.55,2702.56,2731.59,0.18,0,11493989185,0
1/29/2026,2732.04,2742.53,2710.04,2714.05,-0.64,0,14563138866,0
2/1/2026,2714.86,2719.62,2688.08,2694.2,-0.73,0,9109457278,0
2/2/2026,2680.46,2706.98,2679.86,2695.73,0.05,0,8223965670,0
2/3/2026,2695.11,2709.89,2675.16,2683.15,-0.46,0,8631512542,0
2/4/2026,2660.88,2702.9,2659.86,2681.5,-0.06,0,7499742098,0
2/5/2026,2681.26,2709,2679.75,2708.7,1.01,0,11582893801,0
2/8/2026,2712.33,2728.43,2695.2,2698.45,-0.37,0,11659752143,0
2/9/2026,2701.6,2702.75,2665.02,2672.39,-0.96,0,10773915289,0
2/10/2026,2671.86,2682.41,2655.3,2662.14,-0.38,0,8616410132,0
2/11/2026,2674.06,2692.55,2656.36,2662.09,0,0,8692250856,0
2/12/2026,2666.73,2681.65,2657.86,2671.07,0.33,0,11102550967,0
2/16/2026,2674.53,2682.2,2657.67,2662.91,-0.3,0,7942760221,0
2/17/2026,2663.57,2665.82,2636.4,2642.15,-0.77,0,8364424555,0
2/22/2026,2640.66,2642.37,2610.7,2614.55,-1.04,0,6699721204,0
2/23/2026,2613.4,2627.06,2608.95,2616.97,0.09,0,5138649947,0
2/24/2026,2614.88,2638.64,2614.26,2638.6,0.82,0,4232407614,0
2/25/2026,2637.96,2653.65,2637.79,2648.9,0.39,0,4451149080,0
2/26/2026,2665.79,2666.22,2646.43,2654.93,0.22,0,4174630515,0
3/1/2026,2661.44,2674.2,2626.7,2673.97,0.71,0,5648319041,0
3/3/2026,2689.91,2712.6,2666.05,2712.49,1.44,0,6234381481,0
3/9/2026,2757.13,2875.43,2757.12,2875.43,6,0,285125835.3,0
3/10/2026,2909.64,2911.36,2796.13,2843.35,-1.11,0,21502031320,0
3/11/2026,2852.62,2854.48,2793.39,2796.57,-1.64,0,13180255158,0
3/12/2026,2800.05,2830.27,2781,2820.44,0.85,0,14551946230,0
3/15/2026,2824.87,2839.35,2808.57,2824.9,0.15,0,14329604316,0
3/16/2026,2827.18,2827.62,2792.13,2798.83,-0.92,0,11974696088,0
3/17/2026,2800.71,2812.34,2787.37,2812.34,0.48,0,12034406329,0
3/19/2026,2814.32,2882.86,2814.24,2877.03,2.3,0,21223494887,0
3/22/2026,2891.07,2939.08,2890.68,2931.55,1.89,0,23597712183,0
3/23/2026,2939.55,2941.53,2906.05,2936.56,0.17,0,15786313440,0
3/24/2026,2943.61,2960.4,2928.34,2960.4,0.81,0,14839183643,0
3/25/2026,2964.67,2969.5,2929.44,2935.94,-0.82,0,15090416846,0
3/26/2026,2933.89,2951.28,2918.22,2950.16,0.48,0,13162299017,0
3/29/2026,2958.68,2958.79,2872.99,2879.11,-2.4,0,15033310868,0
3/30/2026,2881.8,2891.53,2821.82,2831.39,-1.65,0,12966659168,0
3/31/2026,2830.44,2860.55,2788.84,2851.09,0.69,0,11112418807,0
4/1/2026,2851.53,2851.65,2761.27,2776.36,-2.62,0,12109525562,0
4/2/2026,2771.09,2808.96,2740.22,2782.18,0.2,0,8819723335,0
4/5/2026,2778.27,2778.58,2672.5,2676.68,-3.79,0,12380914570,0
4/6/2026,2675.75,2776.08,2669.7,2760.02,3.11,0,10928506863,0
4/7/2026,2762.77,2794.94,2743.36,2757.4,-0.09,0,6737148151,0
4/8/2026,2772.09,2802.52,2766.99,2802.52,1.63,0,8318908442,0
4/9/2026,2805.17,2854.66,2797.49,2851.24,1.73,0,9919210211,0
4/10/2026,2857.98,2866.63,2825.3,2837.78,-0.47,0,8993280968,0
4/13/2026,2842.26,2849.09,2827.06,2833.6,-0.14,0,8665568642,0
4/15/2026,2834.46,2879.21,2834.31,2866.87,1.17,0,10537008797,0
4/16/2026,2868.76,2869.67,2822.68,2833.03,-1.18,0,9312860808,0
4/17/2026,2835.24,2843.57,2808.02,2838.4,0.18,0,7460698098,0
4/20/2026,2831.8,2846.39,2813.24,2825.23,-0.46,0,5434240276,0
4/21/2026,2838.06,2838.59,2796.92,2807.12,-0.64,0,5774317879,0
4/22/2026,2810.44,2818.2,2762.37,2804.17,-0.1,0,7813947343,0
4/23/2026,2806.74,2817.1,2779.86,2787.15,-0.6,0,5095905757,0
4/24/2026,2794.89,2794.89,2759.78,2788.7,0.05,0,5270399728,0
4/27/2026,2795.74,2806.96,2789.22,2796.43,0.27,0,4748809128,0
4/28/2026,2799.37,2812.29,2765.18,2770.26,-0.93,0,6531723226,0
4/29/2026,2771.75,2774.16,2734.33,2744.45,-0.93,0,4986294173,0
4/30/2026,2738.88,2745.55,2708.34,2738.72,-0.2,0,4916626849,0
5/4/2026,2739.98,2742.58,2697.14,2704.08,-1.26,0,4265385417,0
5/5/2026,2700.92,2726.18,2684.62,2712.86,0.32,0,3439068393,0
5/6/2026,2717.62,2724.27,2705.55,2711.22,-0.06,0,3197766779,0
5/7/2026,2706.67,2718.16,2700.97,2718.16,0.25,0,2931968878,0
5/8/2026,2720.28,2745.79,2717.96,2745.65,1.01,0,3286870559,0
5/11/2026,2747.62,2783.99,2747.18,2783.85,1.39,0,4613563636,0
5/12/2026,2788.95,2802.38,2741.17,2744.4,-1.41,0,4665020678,0
5/13/2026,2746.96,2747.84,2720.41,2740.25,-0.15,0,2807446362,0
5/14/2026,2742.05,2743.25,2717.45,2730.17,-0.36,0,3290244620,0
5/15/2026,2726.98,2744.05,2724.88,2731.94,0.06,0,3097953487,0
5/18/2026,2738.73,2740.2,2722.67,2730.91,-0.03,0,2450878449,0
5/19/2026,2727.52,2734.73,2719.27,2724.39,-0.23,0,3087730963,0
5/20/2026,2722.19,2756.11,2720.75,2754.48,1.1,0,3820895087,0
5/21/2026,2762.03,2764.14,2734.21,2742.11,-0.44,0,3898418385,0
5/22/2026,2743.01,2758.49,2736.15,2758.49,0.59,0,4498516094,0
5/25/2026,2752.96,2790.34,2752.46,2786.35,1,0,5986412600,0
5/26/2026,2784.02,2791.85,2767.18,2777.1,-0.33,0,4854444171,0
5/27/2026,2777.04,2785.33,2766.78,2782.1,0.17,0,6030064841,0
6/1/2026,2783,2789.56,2745.2,2755.37,-0.96,0,5614374929,0
6/2/2026,2758.05,2777.28,2745.66,2777.58,0.8,0,5265275299,0
6/3/2026,2779.92,2799.15,2768.82,2780.25,0.09,0,5738178165,0
6/4/2026,2779.84,2786.5,2762.74,2766.78,-0.48,0,4703326945,0
6/5/2026,2759.69,2769.32,2749.26,2755.41,-0.41,0,5624895824,0
6/8/2026,2749.98,2754.58,2726.38,2735.14,-0.73,0,4084896190,0
6/9/2026,2739.8,2741.31,2701.86,2733.59,-0.05,0,6443190292,0
6/10/2026,2722.8,2744.18,2722.66,2736.17,0.09,0,4297464328,0
6/11/2026,2736.94,2740.61,2722.42,2728.03,-0.29,0,3906244894,0
6/12/2026,2731.35,2733.31,2717.69,2724.03,-0.14,0,4341094764,0
6/15/2026,2720.77,2729.59,2705.03,2711.76,-0.45,0,4412048610,0
6/16/2026,2722.77,2722.81,2701.56,2705.45,-0.23,0,4047858084,0
6/17/2026,2696.92,2714.67,2696.81,2705.53,0,0,3637589010,0
6/18/2026,2699.03,2709.79,2692.76,2700.47,-0.18,0,3414823799,0
6/19/2026,2709.26,2712.45,2691.86,2702.11,0.06,0,4534983568,0
6/22/2026,2711.31,2719.16,2694.19,2700.65,-0.05,0,4446520247,0
6/23/2026,2696.56,2700.01,2669.25,2674.48,-0.96,0,4362194772,0
6/24/2026,2668.44,2678.29,2633.93,2660.02,-0.54,0,4418607487,0
6/25/2026,2656.35,2663.47,2643.59,2651.52,-0.31,0,2838279412,0
6/26/2026,2649.76,2662.44,2640.26,2649.51,-0.07,0,3945804552,0
6/29/2026,2643.22,2649.11,2623.93,2632.96,-0.62,0,2671832965,0
6/30/2026,2631.46,2638.17,2603.44,2608.33,-0.93,0,3258758014,0
7/1/2026,2605.1,2654.02,2602.39,2652.93,1.7,0,3861183410,0
7/2/2026,2659.68,2662.01,2625.46,2661.71,0.33,0,4117785700,0
7/3/2026,2672.83,2673.14,2646.78,2653.4,-0.31,0,4412339537,0
7/6/2026,2659.06,2661.46,2623.25,2627.11,-0.99,0,3557981499,0
7/7/2026,2620.56,2651.86,2619.68,2651.68,0.93,0,4400613242,0
7/8/2026,2646.67,2649.56,2610.33,2621.59,-1.13,0,4826084825,0
7/9/2026,2619.69,2620.87,2595.76,2601.92,-0.75,0,4611954783,0
7/10/2026,2595.75,2623.24,2592.67,2600.78,-0.04,0,6860718658,0
7/13/2026,2599.58,2607.04,2566.27,2570.18,-1.17,0,7468416117,0
7/14/2026,2569.47,2584.3,2546.69,2576.29,0.23,0,8417570426,0
7/15/2026,2577.19,2601.99,2576.61,2590.29,0.54,0,4170398050,0
7/16/2026,2605.32,2606.89,2581.09,2597.8,0.28,0,2870096911,0
7/17/2026,2598.95,2677.64,2598.24,2677.54,3.06,0,4575094724,0
7/20/2026,2661.83,2719.28,2659.53,2719.24,1.55,0,5512688979,0
7/21/2026,2719.31,2754.08,2704.96,2726.49,0.26,0,6671017972,0
7/22/2026,2719.46,2722.58,2694.54,2712.54,-0.51,0,5187467074,0
7/23/2026,2695.38,2726.77,2689.3,2726.72,0.52,0,4693449371,0
7/24/2026,2719.62,2747.23,2715.51,2734.6,0.28,0,6267226723,0
7/27/2026,2715.45,2744.89,2693.03,2701.32,-1.21,0,6080863355,0
7/28/2026,2704.71,2705.83,2680.87,2696.67,-0.17,0,4427298447,0
7/29/2026,2698.41,2706.85,2681.15,2688.88,-0.28,0,4029457701,0
7/30/2026,2658.53,2695.86,2657.63,2672.58,-0.6,0,3381318248,0
7/31/2026,2665.75,2692.23,2653.23,2685.54,0.48,0,3759722341,0
8/3/2026,2658.61,2705.46,2658.08,2684.33,-0.04,0,4572084231,0
8/4/2026,2685.75,2687.17,2659.8,2663.18,-0.78,0,4070853611,0
8/5/2026,2665.42,2673.12,2652.91,2667.97,0.18,0,4409872058,0
8/6/2026,2667.41,2678.22,2647.72,2654.15,-0.51,0,4622777442,0
8/7/2026,2652.66,2657.44,2641.93,2650.09,-0.15,0,3774361541,0
8/10/2026,2651.5,2653.95,2636.28,2641.06,-0.34,0,3674419766,0
8/11/2026,2631.21,2656.21,2629.76,2641.85,0.03,0,4110974675,0
8/12/2026,2639.99,2648.57,2629.22,2642.4,0.02,0,3532105518,0
8/13/2026,2642.77,2656.54,2636.93,2651.21,0.33,0,3724731080,0
8/14/2026,2649.24,2653.48,2638.64,2643.83,-0.27,0,4275675403,0
8/17/2026,2641.09,2648.57,2633.37,2641.82,-0.07,0,5525511873,0
8/18/2026,2644.49,2646.86,2616.17,2622.48,-0.73,0,5073518663,0
8/19/2026,2622.92,2627.11,2609.84,2622.22,0,0,3298019571,0
8/20/2026,2622,2629.56,2608.38,2629.4,0.27,0,4401409858,0
2026-08-21,2626.53,2631.28,2614.04,2618.72,-0.4,0.0,4167618882.31,-1
2026-08-24,2618.54,2620.13,2593.31,2599.58,-0.73,0.0,3239760549.52,-1
2026-08-25,2598.47,2608.73,2588.11,2594.27,-0.2,0.0,4109751730.02,-1
2026-08-26,2591.95,2592.12,2546.94,2558.35,-1.38,0.0,4773857657.45,-1
2026-08-27,2554.55,2566.78,2517.79,2557.31,-0.04,0.0,3786454594.27,1
