published_date,open,high,low,close,per_change,traded_quantity,traded_amount,status
2022-09-27,1000.0,1000.0,941.2,941.2,-5.88,145.0,137840.0,-1
2022-09-28,922.4,922.4,904.0,904.0,-3.95,35.0,31824.0,-1
2022-10-10,899.0,899.0,899.0,899.0,-0.55,10.0,8990.0,-1
2022-10-11,881.1,881.1,863.5,865.0,-3.78,160.0,138456.0,-1
2022-10-12,847.7,847.7,778.5,780.0,-9.83,220.0,173253.0,-1
2022-10-13,764.4,764.4,750.1,750.1,-3.83,55.0,41684.5,-1
2022-10-16,737.0,751.7,737.0,751.7,0.21,110.0,82217.0,1
2022-10-17,740.0,740.0,740.0,740.0,-1.56,40.0,29600.0,-1
2022-10-19,740.0,740.0,740.0,740.0,0.0,140.0,103600.0,0
2022-10-20,740.0,740.1,740.0,740.1,0.01,35.0,25902.5,1
2022-10-23,738.1,738.1,738.1,738.1,-0.27,25.0,18452.5,-1
2022-10-31,737.0,741.0,737.0,740.0,0.26,75.0,55360.0,1
2022-11-01,741.0,745.0,741.0,745.0,0.68,50.0,37150.0,1
2022-11-02,745.0,759.9,745.0,759.9,2.0,75.0,56247.5,1
2022-11-06,745.0,745.0,745.0,745.0,-1.96,25.0,18625.0,-1
2022-11-07,745.0,750.0,745.0,750.0,0.67,25.0,18700.0,1
2022-11-09,749.0,750.0,749.0,750.0,0.0,125.0,93725.0,0
2022-11-13,750.0,750.0,750.0,750.0,0.0,60.0,45000.0,0
2022-11-15,750.0,750.0,750.0,750.0,0.0,25.0,18750.0,0
2022-11-22,740.3,750.0,740.3,750.0,0.0,52.0,38738.1,0
2022-11-23,742.2,742.2,742.2,742.2,-1.04,15.0,11133.0,-1
2022-11-24,757.0,757.0,757.0,757.0,1.99,30.0,22710.0,1
2022-11-27,742.0,756.8,742.0,745.2,-1.56,85.0,63380.7,-1
2022-11-28,745.0,745.0,745.0,745.0,-0.03,100.0,74500.0,-1
2022-11-29,744.1,744.1,744.0,744.0,-0.13,25.0,18601.0,-1
2022-12-01,744.0,744.0,744.0,744.0,0.0,15.0,11160.0,0
2022-12-04,746.0,746.0,746.0,746.0,0.27,25.0,18650.0,1
2022-12-11,745.0,748.0,745.0,748.0,0.27,125.0,93207.5,1
2022-12-12,762.9,762.9,762.9,762.9,1.99,25.0,19072.5,1
2022-12-15,763.0,763.0,763.0,763.0,0.01,35.0,26705.0,1
2022-12-18,755.1,755.1,755.0,755.0,-1.05,100.0,75501.0,-1
2022-12-19,755.1,755.1,741.1,741.1,-1.84,216.0,162079.7,-1
2022-12-20,742.2,743.1,742.2,743.1,0.27,50.0,37132.5,1
2022-12-27,741.3,741.3,741.3,741.3,-0.24,25.0,18532.5,-1
2022-12-28,740.3,750.0,740.3,750.0,1.17,50.0,37257.5,1
2022-12-29,740.0,740.0,736.0,736.0,-1.87,90.0,66451.0,-1
2023-01-01,745.6,745.6,745.6,745.6,1.3,25.0,18640.0,1
2023-01-04,745.3,745.3,745.0,745.0,-0.08,150.0,111768.3,-1
2023-01-08,759.9,759.9,759.9,759.9,2.0,15.0,11398.5,1
2023-01-09,770.0,775.0,770.0,775.0,1.99,240.0,185300.0,1
2023-01-10,760.1,760.1,760.1,760.1,-1.92,25.0,19002.5,-1
2023-01-12,760.0,760.1,760.0,760.1,0.0,50.0,38002.5,0
2023-01-17,745.0,745.0,745.0,745.0,-1.99,50.0,37250.0,-1
2023-01-18,732.0,732.0,732.0,732.0,-1.74,25.0,18300.0,-1
2023-01-23,725.0,725.0,725.0,725.0,-0.96,94.0,68150.0,-1
2023-01-25,730.0,744.6,730.0,744.6,2.7,75.0,55480.0,1
2023-01-31,740.0,740.0,730.0,730.0,-1.96,125.0,91551.3,-1
2023-02-05,730.0,730.0,730.0,730.0,0.0,25.0,18250.0,0
2023-02-06,730.0,744.6,730.0,744.6,2.0,37.0,27185.2,1
2023-02-07,744.0,772.0,730.1,730.1,-1.95,155.0,115506.0,-1
2023-02-08,730.0,730.0,730.0,730.0,-0.01,25.0,18250.0,-1
2023-02-14,740.0,740.0,740.0,740.0,1.37,25.0,18500.0,1
2023-02-15,740.0,740.0,740.0,740.0,0.0,25.0,18500.0,0
2023-02-22,740.2,740.2,740.2,740.2,0.03,75.0,55515.0,1
2023-02-27,731.1,731.1,731.1,731.1,-1.23,25.0,18277.5,-1
2023-03-02,745.0,745.0,745.0,745.0,1.9,25.0,18625.0,1
2023-03-05,759.9,759.9,759.9,759.9,2.0,100.0,75990.0,1
2023-03-07,774.0,774.0,760.0,773.9,1.84,70.0,53828.0,1
2023-03-12,770.0,770.0,770.0,770.0,-0.5,100.0,77000.0,-1
2023-03-13,755.0,770.0,755.0,770.0,0.0,135.0,103075.0,0
2023-03-14,760.0,760.0,760.0,760.0,-1.3,25.0,19000.0,-1
2023-03-15,750.1,760.0,745.1,760.0,0.0,147.0,110600.0,0
2023-03-16,750.0,765.0,750.0,765.0,0.66,50.0,37875.0,1
2023-03-19,750.2,757.0,750.2,757.0,-1.05,50.0,37680.0,-1
2023-03-20,772.0,772.0,772.0,772.0,1.98,25.0,19300.0,1
2023-03-22,765.0,770.0,765.0,770.0,-0.26,62.0,47615.0,-1
2023-03-23,770.0,770.0,770.0,770.0,0.0,50.0,38500.0,0
2023-04-02,755.0,755.0,755.0,755.0,-1.95,25.0,18875.0,-1
2023-04-03,752.0,752.0,752.0,752.0,-0.4,25.0,18800.0,-1
2023-04-04,767.0,767.0,767.0,767.0,1.99,25.0,19175.0,1
2023-04-05,770.0,770.0,770.0,770.0,0.39,25.0,19250.0,1
2023-04-06,770.0,770.0,762.0,762.0,-1.04,100.0,76405.0,-1
2023-04-09,765.0,765.0,765.0,765.0,0.39,25.0,19125.0,1
2023-04-10,770.0,780.0,770.0,780.0,1.96,172.0,133835.0,1
2023-04-11,780.0,792.9,780.0,792.9,1.65,95.0,74358.0,1
2023-04-12,777.1,777.1,777.1,777.1,-1.99,25.0,19427.5,-1
2023-04-13,792.0,792.0,792.0,792.0,1.92,25.0,19800.0,1
2023-04-16,800.0,800.0,800.0,800.0,1.01,10.0,8000.0,1
2023-04-17,795.0,795.0,790.0,790.0,-1.25,30.0,23750.0,-1
2023-04-18,790.0,805.8,790.0,791.0,0.13,78.0,62045.0,1
2023-04-19,780.2,780.2,780.0,780.0,-1.39,80.0,62411.5,-1
2023-04-20,795.6,795.6,786.0,786.0,0.77,45.0,35610.0,1
2023-04-24,782.1,782.1,782.1,782.1,-0.5,50.0,39105.0,-1
2023-04-25,782.0,782.0,782.0,782.0,-0.01,25.0,19550.0,-1
2023-04-27,783.0,783.0,782.0,782.0,0.0,50.0,39125.0,0
2023-04-30,797.6,797.6,797.6,797.6,1.99,20.0,15952.0,1
2023-05-02,797.6,800.0,797.6,800.0,0.3,60.0,47940.0,1
2023-05-03,795.0,795.0,795.0,795.0,-0.63,25.0,19875.0,-1
2023-05-04,800.0,800.0,800.0,800.0,0.63,50.0,40000.0,1
2023-05-07,785.0,785.0,785.0,785.0,-1.88,25.0,19625.0,-1
2023-05-08,800.0,800.0,800.0,800.0,1.91,25.0,20000.0,1
2023-05-14,800.0,800.0,800.0,800.0,0.0,90.0,72000.0,0
2023-05-15,785.0,785.0,780.0,780.0,-2.5,250.0,195237.5,-1
2023-05-16,795.6,795.6,790.0,790.0,1.28,50.0,39640.0,1
2023-05-18,780.1,780.1,780.1,780.1,-1.25,38.0,29643.8,-1
2023-05-21,780.2,780.2,780.2,780.2,0.01,25.0,19505.0,1
2023-05-22,795.8,795.8,795.8,795.8,2.0,10.0,7958.0,1
2023-05-24,795.0,800.0,795.0,800.0,0.53,65.0,51875.0,1
2023-05-30,790.0,790.0,785.0,790.0,-1.25,75.0,59175.0,-1
2023-05-31,785.0,785.0,780.0,780.0,-1.27,80.0,62560.0,-1
2023-06-04,765.1,777.0,765.1,777.0,-0.38,85.0,65502.5,-1
2023-06-05,777.0,777.0,777.0,777.0,0.0,25.0,19425.0,0
2023-06-06,777.0,777.0,777.0,777.0,0.0,25.0,19425.0,0
2023-06-12,792.0,792.0,783.0,783.0,0.77,55.0,43335.0,1
2023-06-13,781.5,781.5,781.5,781.5,-0.19,50.0,39075.0,-1
2023-06-14,781.0,791.0,781.0,791.0,1.22,225.0,176975.0,1
2023-06-15,805.0,805.0,805.0,805.0,1.77,10.0,8050.0,1
2023-06-18,805.0,805.0,805.0,805.0,0.0,20.0,16100.0,0
2023-06-19,804.9,805.0,804.9,805.0,0.0,40.0,32198.5,0
2023-06-21,821.1,821.1,821.1,821.1,2.0,14.0,11495.4,1
2023-06-26,810.0,810.1,810.0,810.1,-1.34,70.0,56702.0,-1
2023-06-27,811.0,811.0,811.0,811.0,0.11,11.0,8921.0,1
2023-06-28,810.0,817.0,810.0,810.0,-0.12,125.0,101425.0,-1
2023-07-03,810.0,814.0,810.0,810.0,0.0,115.0,93210.0,0
2023-07-04,810.0,810.0,810.0,810.0,0.0,25.0,20250.0,0
2023-07-05,812.0,812.0,812.0,812.0,0.25,20.0,16240.0,1
2023-07-06,811.0,811.0,811.0,811.0,-0.12,25.0,20275.0,-1
2023-07-09,811.0,825.0,811.0,825.0,1.73,75.0,61515.0,1
2023-07-10,825.0,825.0,825.0,825.0,0.0,25.0,20625.0,0
2023-07-11,808.8,808.8,808.8,808.8,-1.96,25.0,20220.0,-1
2023-07-13,824.9,855.0,824.9,855.0,5.71,160.0,134172.5,1
2023-07-16,837.9,840.0,837.9,840.0,-1.75,75.0,62947.5,-1
2023-07-18,823.2,823.2,806.8,810.0,-3.57,257.0,208193.0,-1
2023-07-19,810.0,810.0,810.0,810.0,0.0,115.0,93150.0,0
2023-07-20,810.0,830.0,810.0,821.0,1.36,305.0,250060.0,1
2023-07-23,820.0,820.0,820.0,820.0,-0.12,50.0,41000.0,-1
2023-07-24,820.0,830.0,820.0,830.0,1.22,20.0,16500.0,1
2023-07-25,820.0,820.0,820.0,820.0,-1.2,300.0,246000.0,-1
2023-07-26,820.0,820.0,820.0,820.0,0.0,25.0,20500.0,0
2023-07-27,820.0,820.0,820.0,820.0,0.0,100.0,82000.0,0
2023-07-30,820.0,820.0,820.0,820.0,0.0,100.0,82000.0,0
2023-08-06,805.0,805.0,805.0,805.0,-1.83,25.0,20125.0,-1
2023-08-09,805.0,815.0,800.0,801.0,-0.5,155.0,125645.0,-1
2023-08-10,815.0,831.0,815.0,825.0,3.0,180.0,147182.5,1
2023-08-13,810.1,810.1,810.0,810.0,-1.82,40.0,32401.5,-1
2023-08-14,800.0,810.0,800.0,810.0,0.0,50.0,40250.0,0
2023-08-15,810.0,810.0,805.0,805.0,-0.62,115.0,92650.0,-1
2023-08-17,795.0,795.0,795.0,795.0,-1.24,25.0,19875.0,-1
2023-08-20,785.0,785.0,785.0,785.0,-1.26,25.0,19625.0,-1
2023-08-24,790.0,790.0,790.0,790.0,0.64,25.0,19750.0,1
2023-08-29,790.0,790.0,790.0,790.0,0.0,25.0,19750.0,0
2023-08-30,790.0,790.0,790.0,790.0,0.0,105.0,82950.0,0
2023-09-03,787.0,787.0,787.0,787.0,-0.38,25.0,19675.0,-1
2023-09-05,786.0,786.0,786.0,786.0,-0.13,25.0,19650.0,-1
2023-09-07,780.0,780.0,780.0,780.0,-0.76,25.0,19500.0,-1
2023-09-10,786.0,786.0,780.0,780.0,0.0,50.0,39150.0,0
2023-09-11,782.0,785.1,782.0,785.1,0.65,50.0,39177.5,1
2023-09-13,786.0,786.0,786.0,786.0,0.11,25.0,19650.0,1
2023-09-17,787.1,801.7,787.1,801.7,2.0,135.0,107864.5,1
2023-09-19,815.0,815.0,815.0,815.0,1.66,50.0,40750.0,1
2023-09-21,822.0,822.0,806.0,806.0,-1.1,75.0,60850.0,-1
2023-09-24,800.0,800.0,790.0,790.0,-1.99,100.0,79250.0,-1
2023-09-26,790.1,805.8,790.1,805.8,2.0,100.0,80187.5,1
2023-09-27,790.0,806.0,790.0,790.0,-1.96,126.0,100240.0,-1
2023-10-08,796.0,805.0,796.0,805.0,1.9,250.0,199235.0,1
2023-10-09,799.0,800.0,799.0,800.0,-0.62,185.0,147915.0,-1
2023-10-17,800.0,800.0,800.0,800.0,0.0,25.0,20000.0,0
2023-10-18,790.0,790.0,790.0,790.0,-1.25,25.0,19750.0,-1
2023-10-29,791.0,791.0,791.0,791.0,0.13,51.0,40341.0,1
2023-10-30,796.0,796.0,795.0,795.0,0.51,50.0,39760.0,1
2023-10-31,810.0,826.0,810.0,826.0,3.9,20.0,16360.0,1
2023-11-01,810.0,811.0,810.0,811.0,-1.82,75.0,60800.0,-1
2023-11-02,810.0,811.0,810.0,811.0,0.0,50.0,40525.0,0
2023-11-05,810.0,820.0,810.0,820.0,1.11,100.0,81475.0,1
2023-11-08,803.6,803.6,795.0,795.0,-3.05,50.0,39965.0,-1
2023-11-20,791.0,815.0,791.0,815.0,2.52,81.0,65164.9,1
2023-11-23,809.0,809.0,809.0,809.0,-0.74,25.0,20225.0,-1
2023-11-28,825.1,841.6,825.1,841.6,4.03,20.0,16667.0,1
2023-11-29,845.0,858.4,845.0,858.4,2.0,125.0,106535.0,1
2023-12-04,841.3,841.3,841.3,841.3,-1.99,50.0,42065.0,-1
2023-12-07,857.0,857.0,857.0,857.0,1.87,25.0,21425.0,1
2023-12-12,841.0,841.0,841.0,841.0,-1.87,25.0,21025.0,-1
2023-12-13,841.0,841.0,840.0,840.0,-0.12,50.0,42025.0,-1
2023-12-17,835.0,840.0,835.0,840.0,0.0,50.0,41875.0,0
2023-12-18,850.0,850.0,850.0,850.0,1.19,30.0,25500.0,1
2023-12-19,860.0,860.0,859.9,860.0,1.18,100.0,85997.5,1
2023-12-20,858.0,874.0,858.0,874.0,1.63,70.0,60370.0,1
2023-12-21,857.0,857.0,825.1,825.1,-5.59,75.0,63052.5,-1
2023-12-27,841.6,858.4,841.6,858.4,4.04,75.0,63960.0,1
2024-01-02,848.0,848.0,848.0,848.0,-1.21,25.0,21200.0,-1
2024-01-04,860.0,864.0,860.0,864.0,1.89,135.0,116240.0,1
2024-01-07,851.2,855.1,851.0,855.1,-1.03,125.0,106485.4,-1
2024-01-08,858.8,858.8,858.8,858.8,0.43,58.0,49760.0,1
2024-01-11,851.0,851.0,851.0,851.0,-0.91,10.0,8510.0,-1
2024-01-21,834.0,834.0,834.0,834.0,-2.0,15.0,12510.0,-1
2024-01-22,834.0,834.0,834.0,834.0,0.0,25.0,20850.0,0
2024-01-23,823.0,834.0,823.0,834.0,0.0,200.0,165700.0,0
2024-01-24,821.1,821.1,821.1,821.1,-1.55,25.0,20527.5,-1
2024-01-28,825.0,836.4,820.0,836.4,1.86,50.0,41460.0,1
2024-01-31,835.0,835.1,835.0,835.1,-0.16,75.0,62627.0,-1
2024-02-01,836.0,840.0,835.0,840.0,0.59,395.0,329975.0,1
2024-02-05,856.8,856.8,841.0,842.0,0.24,60.0,50643.0,1
2024-02-06,858.8,858.8,858.8,858.8,2.0,60.0,51528.0,1
2024-02-07,860.0,860.0,860.0,860.0,0.14,25.0,21500.0,1
2024-02-08,857.0,857.5,856.0,856.0,-0.47,125.0,107127.5,-1
2024-02-11,873.0,873.0,873.0,873.0,1.99,10.0,8730.0,1
2024-02-12,873.0,873.0,873.0,873.0,0.0,25.0,21825.0,0
2024-02-13,865.0,865.0,865.0,865.0,-0.92,25.0,21625.0,-1
2024-02-14,869.0,869.0,869.0,869.0,0.46,28.0,24332.0,1
2024-02-15,860.0,870.0,860.0,865.1,-0.45,150.0,130127.5,-1
2024-02-18,881.0,895.0,881.0,895.0,3.46,150.0,132985.0,1
2024-02-20,895.0,899.0,895.0,899.0,0.45,225.0,201475.0,1
2024-02-21,900.0,900.0,900.0,900.0,0.11,25.0,22500.0,1
2024-02-25,900.0,900.0,900.0,900.0,0.0,50.0,45000.0,0
2024-02-26,900.0,900.0,900.0,900.0,0.0,200.0,180000.0,0
2024-02-27,905.0,910.0,905.0,910.0,1.11,55.0,49900.0,1
2024-02-28,906.3,906.3,906.3,906.3,-0.41,25.0,22657.5,-1
2024-02-29,906.3,906.3,906.3,906.3,0.0,50.0,45315.0,0
2024-03-07,919.0,920.0,901.6,901.6,-0.52,75.0,68515.0,-1
2024-03-10,902.0,902.0,902.0,902.0,0.04,25.0,22550.0,1
2024-03-13,902.1,903.1,884.2,901.8,-0.02,600.0,540037.5,-1
2024-03-14,894.0,894.0,894.0,894.0,-0.86,25.0,22350.0,-1
2024-03-17,891.1,891.1,891.1,891.1,-0.32,25.0,22277.5,-1
2024-03-19,901.0,902.0,901.0,902.0,1.22,55.0,49580.0,1
2024-03-27,906.0,906.0,906.0,906.0,0.44,50.0,45300.0,1
2024-03-31,904.1,904.1,904.1,904.1,-0.21,25.0,22602.5,-1
2024-04-01,910.0,910.0,910.0,910.0,0.65,25.0,22750.0,1
2024-04-03,915.0,915.0,915.0,915.0,2.56,30.0,27541.5,1
2024-04-04,940.0,951.9,940.0,951.9,1.99,60.0,56519.0,1
2024-04-07,967.9,970.9,967.9,970.9,2.0,400.0,387911.0,1
2024-04-09,970.9,971.0,970.9,971.0,0.01,150.0,145645.0,1
2024-04-10,970.0,970.0,970.0,970.0,-0.1,25.0,24250.0,-1
2024-04-14,962.0,1000.0,962.0,1000.0,3.09,553.0,550025.0,1
2024-04-16,1000.0,1005.0,1000.0,1005.0,0.5,150.0,150292.0,1
2024-04-18,987.0,987.0,987.0,987.0,-1.79,25.0,24675.0,-1
2024-04-21,981.0,981.0,981.0,981.0,-0.61,140.0,137340.0,-1
2024-04-24,998.0,1000.5,998.0,1000.5,1.99,100.0,99945.0,1
2024-04-28,981.0,981.0,980.5,980.5,-2.0,50.0,49037.5,-1
2024-04-29,973.2,999.9,973.2,999.9,1.98,175.0,174242.0,1
2024-04-30,990.1,990.1,990.1,990.1,-0.98,25.0,24752.5,-1
2024-05-02,992.3,992.3,992.2,992.2,0.21,188.0,186543.6,1
2024-05-05,982.0,982.0,982.0,982.0,-1.03,25.0,24550.0,-1
2024-05-09,984.1,984.1,984.0,984.0,0.2,50.0,49202.5,1
2024-05-12,992.2,992.2,977.0,977.0,-0.71,75.0,74035.0,-1
2024-05-13,967.9,967.9,967.9,967.9,-0.93,30.0,29132.5,-1
2024-05-15,970.2,981.0,970.2,981.0,1.35,50.0,48780.0,1
2024-05-19,1000.0,1000.0,1000.0,1000.0,1.94,163.0,163000.0,1
2024-05-20,981.0,981.0,981.0,981.0,-1.9,25.0,24525.0,-1
2024-05-21,1000.0,1000.0,1000.0,1000.0,1.94,75.0,75000.0,1
2024-05-29,980.0,980.0,980.0,980.0,-2.0,25.0,24500.0,-1
2024-06-03,980.1,980.1,980.1,980.1,0.01,50.0,49005.0,1
2024-06-06,968.0,987.0,968.0,987.0,0.7,550.0,542075.0,1
2024-06-10,973.0,992.0,972.9,980.0,-0.71,270.0,264368.5,-1
2024-06-13,981.0,981.0,981.0,981.0,0.1,280.0,274680.0,1
2024-06-16,995.0,995.0,981.1,981.1,0.01,525.0,522027.5,1
2024-06-18,980.0,980.0,980.0,980.0,-0.11,25.0,24500.0,-1
2024-06-20,976.1,976.1,976.1,976.1,-0.4,25.0,24402.5,-1
2024-06-23,995.0,995.0,995.0,995.0,1.94,105.0,104475.0,1
2024-06-24,980.0,980.0,980.0,980.0,-1.51,100.0,98000.0,-1
2024-06-25,975.0,975.0,975.0,975.0,-0.51,25.0,24375.0,-1
2024-06-27,975.0,1005.0,975.0,1005.0,3.08,555.0,556485.0,1
2024-07-01,985.0,1000.0,985.0,1000.0,-0.5,175.0,174200.0,-1
2024-07-03,981.1,981.1,981.1,981.1,-1.89,25.0,24527.5,-1
2024-07-04,981.1,999.0,981.1,999.0,1.82,100.0,98980.0,1
2024-07-07,981.0,981.0,981.0,981.0,-1.8,25.0,24525.0,-1
2024-07-08,976.2,995.7,970.0,995.7,1.5,650.0,632819.5,1
2024-07-14,976.0,976.0,976.0,976.0,-1.98,100.0,97600.0,-1
2024-07-15,970.0,980.0,970.0,980.0,0.41,50.0,48750.0,1
2024-07-16,980.0,985.0,980.0,985.0,0.51,600.0,588500.0,1
2024-07-17,966.0,966.0,950.0,950.0,-3.55,60.0,57425.0,-1
2024-07-18,937.0,937.0,937.0,937.0,-1.37,25.0,23425.0,-1
2024-07-22,937.9,937.9,937.9,937.9,0.1,50.0,46895.0,1
2024-07-23,956.5,956.5,956.5,956.5,1.98,25.0,23912.5,1
2024-07-24,941.9,950.0,941.9,950.0,-0.68,50.0,47297.5,-1
2024-07-25,961.0,961.0,961.0,961.0,1.16,25.0,24025.0,1
2024-07-28,945.0,961.0,945.0,961.0,0.0,50.0,47650.0,0
2024-07-29,961.0,962.0,961.0,962.0,0.1,105.0,100960.0,1
2024-07-30,955.1,955.1,955.1,955.1,-0.72,25.0,23877.5,-1
2024-07-31,942.0,956.1,942.0,956.1,0.1,155.0,147832.5,1
2024-08-01,974.0,999.0,974.0,999.0,4.49,1061.0,1047794.0,1
2024-08-05,991.0,991.0,991.0,991.0,-0.8,50.0,49550.0,-1
2024-08-06,980.0,980.0,980.0,980.0,-1.11,25.0,24500.0,-1
2024-08-07,995.0,1000.0,995.0,1000.0,2.04,1099.0,1098865.0,1
2024-08-08,995.0,995.0,995.0,995.0,-0.5,200.0,199000.0,-1
2024-08-11,995.0,995.0,995.0,995.0,0.0,150.0,149250.0,0
2024-08-12,996.0,996.0,996.0,996.0,0.1,25.0,24900.0,1
2024-08-13,997.0,997.0,997.0,997.0,0.1,125.0,124625.0,1
2024-08-14,1000.0,1000.0,1000.0,1000.0,0.3,30.0,30000.0,1
2024-08-15,1005.0,1005.0,999.0,999.0,-0.1,725.0,724800.0,-1
2024-08-18,999.0,999.0,999.0,999.0,0.0,150.0,149850.0,0
2024-08-22,999.0,1010.0,999.0,1010.0,1.1,164.0,164090.0,1
2024-08-25,1001.0,1002.0,1001.0,1002.0,-0.79,200.0,200225.0,-1
2024-08-27,1006.0,1010.0,1005.0,1010.0,0.8,125.0,125900.0,1
2024-08-28,999.0,1000.0,999.0,1000.0,-0.99,125.0,124975.0,-1
2024-08-29,999.0,1001.1,999.0,1001.1,0.11,270.0,269782.5,1
2024-09-01,1001.1,1001.1,1001.1,1001.1,0.0,30.0,30033.0,0
2024-09-02,1002.0,1019.5,1002.0,1019.0,1.79,175.0,177550.0,1
2024-09-03,1008.0,1014.0,1008.0,1014.0,-0.49,75.0,75900.0,-1
2024-09-04,1014.0,1016.0,1005.0,1005.0,-0.89,375.0,380025.0,-1
2024-09-05,1006.0,1025.0,1006.0,1007.0,0.2,265.0,270125.0,1
2024-09-08,1007.0,1007.0,1007.0,1007.0,0.0,25.0,25175.0,0
2024-09-09,1027.0,1038.0,1015.0,1015.0,0.79,805.0,833350.0,1
2024-09-10,1008.0,1008.1,1008.0,1008.0,-0.69,100.0,100805.0,-1
2024-09-11,1010.1,1010.2,1000.0,1000.0,-0.79,10050.0,10059362.4,-1
2024-09-12,1011.0,1011.0,1011.0,1011.0,1.1,25.0,25275.0,1
2024-09-15,1031.0,1042.0,1022.0,1022.0,1.09,530.0,551215.0,1
2024-09-16,1016.0,1028.0,1016.0,1028.0,0.59,100.0,102500.0,1
2024-09-18,1011.0,1028.0,1011.0,1017.0,-1.07,150.0,153500.0,-1
2024-09-22,1017.0,1037.3,1017.0,1017.0,0.0,169.0,173741.2,0
2024-09-23,1037.0,1042.0,1022.0,1026.0,0.88,425.0,441590.0,1
2024-09-24,1021.0,1021.0,1021.0,1021.0,-0.49,25.0,25525.0,-1
2024-09-26,1026.0,1026.0,1026.0,1026.0,0.49,50.0,51300.0,1
2024-09-29,1020.0,1020.0,1020.0,1020.0,-0.58,35.0,35700.0,-1
2024-09-30,1039.0,1042.0,1039.0,1042.0,2.16,260.0,270829.0,1
2024-10-02,1022.0,1045.5,1022.0,1024.6,-2.59,155.0,160265.0,-1
2024-10-15,1022.0,1022.0,1022.0,1022.0,-0.25,25.0,25550.0,-1
2024-10-16,1042.0,1042.0,1042.0,1042.0,1.96,65.0,67730.0,1
2024-10-17,1035.0,1040.0,1035.0,1040.0,-0.19,75.0,77750.0,-1
2024-10-21,1042.0,1042.0,1042.0,1042.0,0.19,25.0,26050.0,1
2024-10-23,1040.0,1040.0,1040.0,1040.0,-0.19,855.0,889200.0,-1
2024-10-29,1035.0,1035.0,1035.0,1035.0,-0.48,25.0,25875.0,-1
2024-11-05,1027.0,1027.0,1027.0,1027.0,-0.77,25.0,25675.0,-1
2024-11-06,1027.5,1027.5,1027.5,1027.5,0.05,25.0,25687.5,1
2024-11-10,1027.5,1031.0,1027.5,1031.0,0.34,50.0,51462.5,1
2024-11-12,1051.0,1051.6,1051.0,1051.6,2.0,50.0,52565.0,1
2024-11-14,1031.0,1051.6,1031.0,1051.6,0.0,375.0,393835.0,0
2024-11-17,1042.0,1042.0,1021.2,1028.0,-2.24,100.0,102955.0,-1
2024-11-19,1035.0,1035.0,1035.0,1035.0,0.68,50.0,51750.0,1
2024-11-20,1037.0,1038.0,1037.0,1038.0,0.29,125.0,129725.0,1
2024-11-21,1038.0,1039.0,1038.0,1039.0,0.1,50.0,51925.0,1
2024-11-24,1037.0,1037.0,1037.0,1037.0,-0.19,25.0,25925.0,-1
2024-11-26,1050.0,1056.0,1050.0,1056.0,1.83,100.0,105400.0,1
2024-11-27,1056.0,1056.0,1040.0,1040.0,-1.52,75.0,78800.0,-1
2024-11-28,1022.1,1022.1,1022.1,1022.1,-1.72,25.0,25552.5,-1
2024-12-01,1025.0,1026.0,1000.0,1000.0,-2.16,525.0,534532.5,-1
2024-12-02,1020.0,1020.0,1020.0,1020.0,2.0,50.0,51000.0,1
2024-12-03,1026.0,1026.0,1026.0,1026.0,0.59,25.0,25650.0,1
2024-12-05,1030.0,1047.5,1027.0,1047.5,2.1,225.0,231887.5,1
2024-12-08,1047.5,1047.5,1047.5,1047.5,0.0,100.0,104750.0,0
2024-12-09,1045.0,1045.0,1045.0,1045.0,-0.24,26.0,27170.0,-1
2024-12-16,1045.0,1046.0,1045.0,1046.0,0.1,75.0,78400.0,1
2024-12-17,1034.0,1034.0,1034.0,1034.0,-1.15,25.0,25850.0,-1
2024-12-18,1034.1,1034.1,1034.1,1034.1,0.01,25.0,25852.5,1
2024-12-23,1035.1,1080.0,1035.1,1037.9,0.37,720.0,771530.0,1
2024-12-24,1040.0,1041.0,1040.0,1041.0,0.3,200.0,208175.0,1
2024-12-26,1045.1,1045.1,1045.0,1045.0,0.38,200.0,209002.5,1
2024-12-29,1043.0,1043.0,1043.0,1043.0,-0.19,25.0,26075.0,-1
2024-12-31,1046.0,1046.0,1046.0,1046.0,0.29,25.0,26150.0,1
2025-01-01,1066.9,1066.9,1066.9,1066.9,2.0,50.0,53345.0,1
2025-01-02,1065.0,1066.9,1065.0,1066.9,0.0,50.0,53297.5,0
2025-01-05,1070.0,1070.0,1060.0,1070.0,0.29,1219.0,1304080.0,1
2025-01-07,1061.0,1065.0,1057.0,1057.0,-1.21,75.0,79575.0,-1
2025-01-09,1056.0,1058.0,1056.0,1058.0,0.09,105.0,111040.0,1
2025-01-13,1060.0,1065.0,1060.0,1060.0,0.19,130.0,137925.0,1
2025-01-19,1040.0,1040.0,1040.0,1040.0,-1.89,360.0,374400.0,-1
2025-01-20,1025.0,1045.5,1025.0,1045.5,0.53,50.0,51762.5,1
2025-01-23,1032.0,1032.0,1025.0,1025.0,-1.96,50.0,51425.0,-1
2025-01-26,1025.0,1026.0,1025.0,1026.0,0.1,50.0,51275.0,1
2025-01-27,1046.5,1046.5,1046.5,1046.5,2.0,155.0,162207.5,1
2025-01-28,1027.0,1027.0,1027.0,1027.0,-1.86,70.0,71890.0,-1
2025-02-02,1040.0,1040.0,1031.0,1031.0,0.39,267.0,276481.3,1
2025-02-03,1015.0,1021.5,1010.4,1021.5,-0.92,100.0,101547.5,-1
2025-02-05,1029.1,1029.1,1029.0,1029.0,0.73,50.0,51452.5,1
2025-02-06,1030.0,1030.0,1030.0,1030.0,0.1,18.0,18540.0,1
2025-02-10,1030.1,1055.0,1030.1,1055.0,2.43,362.0,379145.0,1
2025-02-11,1034.0,1034.0,1034.0,1034.0,-1.99,29.0,29985.8,-1
2025-02-12,1020.1,1032.0,1020.1,1032.0,-0.19,46.0,47222.1,-1
2025-02-13,1030.0,1032.0,1030.0,1032.0,0.0,50.0,51550.0,0
2025-02-17,1030.0,1030.0,1030.0,1030.0,-0.19,25.0,25750.0,-1
2025-02-18,1025.7,1030.0,1024.0,1030.0,0.0,75.0,76992.5,0
2025-02-23,1033.0,1040.0,1033.0,1040.0,0.97,175.0,181700.0,1
2025-02-24,1040.0,1040.0,1040.0,1040.0,0.0,100.0,104000.0,0
2025-02-27,1033.0,1033.0,1033.0,1033.0,-0.67,240.0,247920.0,-1
2025-03-02,1033.0,1033.0,1033.0,1033.0,0.0,33.0,34089.0,0
2025-03-04,1032.0,1040.0,1030.0,1040.0,0.68,125.0,129150.0,1
2025-03-05,1031.1,1031.1,1031.1,1031.1,-0.86,125.0,128887.5,-1
2025-03-06,1034.0,1034.0,1034.0,1034.0,0.28,30.0,31018.5,1
2025-03-09,1031.0,1031.0,1020.0,1020.0,-1.35,100.0,102220.0,-1
2025-03-10,1022.5,1022.5,1022.5,1022.5,0.25,32.0,32720.0,1
2025-03-11,1042.0,1042.9,1022.1,1022.1,-0.04,85.0,88099.0,-1
2025-03-12,1042.0,1042.5,1042.0,1042.5,2.0,61.0,63576.6,1
2025-03-16,1026.0,1026.0,1026.0,1026.0,-1.58,25.0,25650.0,-1
2025-03-17,1026.0,1026.0,1026.0,1026.0,0.0,34.0,34880.5,0
2025-03-18,1040.0,1040.0,1040.0,1040.0,1.36,133.0,138320.0,1
2025-03-20,1040.0,1040.0,1040.0,1040.0,0.0,83.0,86320.0,0
2025-03-23,1025.0,1025.0,1020.2,1020.2,-1.9,55.0,56181.0,-1
2025-03-24,1010.3,1020.0,1010.2,1020.0,-0.02,1155.0,1168214.5,-1
2025-03-25,1015.1,1040.0,1015.1,1040.0,1.96,80.0,82527.5,1
2025-03-26,1035.0,1035.0,1035.0,1035.0,-0.48,25.0,25875.0,-1
2025-03-27,1022.5,1043.0,1022.5,1043.0,0.77,525.0,547046.0,1
2025-03-30,1030.0,1043.0,1030.0,1043.0,0.0,184.0,191782.0,0
2025-04-01,1044.0,1044.0,1044.0,1044.0,0.1,30.0,31320.0,1
2025-04-02,1050.0,1050.0,1050.0,1050.0,0.57,35.0,36750.0,1
2025-04-03,1035.0,1035.0,1035.0,1035.0,-1.43,25.0,25875.0,-1
2025-04-07,1039.5,1039.5,1039.5,1039.5,0.43,25.0,25987.5,1
2025-04-08,1055.0,1060.2,1055.0,1060.2,1.99,90.0,95255.0,1
2025-04-09,1060.2,1060.2,1060.2,1056.0,-0.4,3.0,3168.0,-1
2025-04-10,1056.0,1056.0,1056.0,1056.0,0.0,1000.0,1056000.0,0
2025-04-15,1071.0,1071.0,1050.0,1050.0,-0.57,1118.0,1196853.0,-1
2025-04-16,1050.0,1050.0,1045.0,1045.0,-0.48,55.0,57500.0,-1
2025-04-17,1051.1,1051.1,1051.1,1051.1,0.58,25.0,26277.5,1
2025-04-20,1057.1,1057.1,1057.0,1057.0,0.56,50.0,52854.0,1
2025-04-21,1057.0,1060.0,1057.0,1058.0,0.09,55.0,58239.5,1
2025-04-24,1055.1,1055.1,1055.1,1055.1,-0.27,25.0,26377.5,-1
2025-04-27,1056.1,1056.1,1056.1,1060.1,0.47,28.0,29582.8,1
2025-04-28,1071.0,1071.0,1071.0,1071.0,1.03,140.0,149940.0,1
2025-04-30,1071.0,1071.0,1071.0,1062.0,-0.84,4.0,4248.0,-1
2025-05-04,1068.0,1068.0,1068.0,1068.0,0.56,20.0,21360.0,1
2025-05-05,1068.0,1068.0,1068.0,1070.0,0.19,5.0,5350.0,1
2025-05-07,1051.3,1051.3,1051.3,1051.3,-1.75,25.0,26282.5,-1
2025-05-08,1050.1,1050.1,1050.1,1050.1,-0.11,25.0,26252.5,-1
2025-05-13,1041.1,1041.1,1041.1,1041.1,-0.86,25.0,26027.5,-1
2025-05-14,1052.1,1061.0,1052.0,1061.0,1.91,128.0,134917.0,1
2025-05-15,1061.0,1061.0,1061.0,1065.0,0.38,5.0,5325.0,1
2025-05-18,1061.3,1061.3,1061.3,1061.3,-0.35,25.0,26532.5,-1
2025-05-19,1071.0,1071.0,1071.0,1071.0,0.91,67.0,71757.0,1
2025-05-20,1060.1,1060.1,1051.1,1051.1,-1.86,125.0,132287.5,-1
2025-05-21,1052.0,1053.0,1052.0,1053.0,0.18,51.0,53677.0,1
2025-05-22,1058.1,1060.0,1058.1,1060.0,0.66,250.0,264810.0,1
2025-05-26,1071.0,1071.0,1051.2,1053.0,-0.66,265.0,282988.0,-1
2025-05-27,1053.0,1053.0,1053.0,1053.0,0.0,25.0,26325.0,0
2025-06-02,1050.0,1050.0,1050.0,1050.0,-0.28,25.0,26250.0,-1
2025-06-09,1070.9,1070.9,1052.0,1052.0,0.19,62.0,65923.3,1
2025-06-10,1055.0,1055.0,1055.0,1055.0,0.29,200.0,211000.0,1
2025-06-11,1055.1,1055.1,1055.1,1055.1,0.01,25.0,26377.5,1
2025-06-15,1050.0,1050.0,1050.0,1050.0,-0.48,25.0,26250.0,-1
2025-06-16,1050.0,1050.0,1050.0,1050.0,0.0,25.0,26250.0,0
2025-06-19,1042.1,1042.1,1042.1,1042.1,-0.75,25.0,26052.5,-1
2025-06-23,1042.1,1071.0,1042.1,1053.0,1.05,85.0,90446.9,1
2025-06-24,1056.0,1056.0,1056.0,1056.0,0.28,30.0,31680.0,1
2025-06-25,1077.0,1077.1,1077.0,1077.1,2.0,300.0,323125.0,1
2025-06-29,1071.0,1071.0,1071.0,1071.0,-0.57,40.0,42840.0,-1
2025-06-30,1049.6,1049.6,1049.6,1049.6,-2.0,25.0,26240.0,-1
2025-07-01,1050.0,1050.0,1050.0,1050.0,0.04,50.0,52500.0,1
2025-07-02,1050.0,1050.0,1050.0,1050.0,0.0,25.0,26250.0,0
2025-07-03,1050.0,1050.0,1050.0,1040.5,-0.9,6.0,6243.0,-1
2025-07-06,1050.1,1050.1,1050.1,1050.1,0.92,25.0,26252.5,1
2025-07-08,1050.0,1050.0,1042.0,1042.0,-0.77,200.0,208909.0,-1
2025-07-09,1055.0,1055.0,1055.0,1055.0,1.25,25.0,26375.0,1
2025-07-10,1050.0,1050.0,1050.0,1050.0,-0.47,50.0,52500.0,-1
2025-07-14,1042.4,1042.4,1042.4,1042.4,-0.72,25.0,26060.0,-1
2025-07-16,1063.2,1063.2,1063.2,1063.2,2.0,218.0,231777.6,1
2025-07-17,1048.19,1048.19,1048.19,1048.19,-1.41,56.0,58698.64,-1
2025-07-20,1042.0,1042.0,1042.0,1042.0,-0.59,25.0,26050.0,-1
2025-07-22,1053.0,1053.0,1053.0,1053.0,1.06,100.0,105300.0,1
2025-07-23,1035.0,1035.0,1035.0,1035.0,-1.71,55.0,56925.0,-1
2025-07-24,1031.1,1032.1,1031.1,1032.05,-0.29,130.0,134138.0,-1
2025-07-27,1034.0,1045.0,1032.0,1045.0,1.25,475.0,492700.0,1
2025-07-28,1040.2,1040.2,1040.2,1040.2,-0.46,100.0,104020.0,-1
2025-07-29,1025.0,1025.0,1025.0,1025.0,-1.46,25.0,25625.0,-1
2025-07-30,1045.0,1045.0,1045.0,1045.0,1.95,150.0,156750.0,1
2025-07-31,1025.1,1046.0,1025.1,1037.49,-0.72,275.0,284402.0,-1
2025-08-04,1025.0,1025.0,1025.0,1025.0,-1.2,25.0,25625.0,-1
2025-08-05,1038.0,1038.0,1038.0,1038.0,1.27,25.0,25950.0,1
2025-08-07,1022.1,1022.1,1022.1,1022.1,-1.53,10.0,10221.0,-1
2025-08-11,1022.0,1022.0,1022.0,1022.0,-0.01,25.0,25550.0,-1
2025-08-14,1030.0,1050.6,1030.0,1050.6,2.8,150.0,156560.0,1
2025-08-17,1031.0,1031.0,1031.0,1031.0,-1.87,25.0,25775.0,-1
2025-08-18,1024.0,1025.0,1024.0,1025.0,-0.58,50.0,51225.0,-1
2025-08-20,1026.1,1026.1,1026.0,1026.0,0.1,100.0,102602.5,1
2025-08-24,1046.0,1050.0,1046.0,1050.0,2.34,70.0,73340.0,1
2025-08-28,1037.0,1037.0,1036.5,1036.5,-1.29,30.0,31105.0,-1
2025-08-31,1036.0,1036.0,1036.0,1036.0,-0.05,25.0,25900.0,-1
2025-09-01,1056.0,1056.0,1056.0,1056.0,1.93,25.0,26400.0,1
2025-09-02,1069.9,1090.0,1069.9,1090.0,3.22,257.0,278338.4,1
2025-09-03,1084.0,1090.0,1084.0,1090.0,0.0,225.0,244392.5,0
2025-09-04,1069.0,1090.0,1069.0,1090.0,0.0,320.0,348000.0,0
2025-09-07,1100.0,1107.0,1090.0,1090.0,0.0,757.0,836974.0,0
2025-09-08,1090.0,1107.0,1090.0,1107.0,1.56,445.0,492190.0,1
2025-10-07,1086.0,1086.0,1086.0,1086.0,-1.9,25.0,27150.0,-1
2025-10-08,1085.1,1085.1,1080.0,1084.0,-0.18,375.0,406665.0,-1
2025-10-09,1071.0,1071.0,1071.0,1071.0,-1.2,25.0,26775.0,-1
2025-10-12,1072.0,1072.0,1071.0,1071.0,0.0,60.0,64285.0,0
2025-10-13,1092.4,1136.2,1092.4,1136.2,6.09,355.0,395929.0,1
2025-10-15,1114.0,1114.0,1114.0,1114.0,-1.95,10.0,11140.0,-1
2025-10-19,1115.0,1115.0,1115.0,1115.0,0.09,70.0,78050.0,1
2025-11-03,1093.0,1123.0,1093.0,1123.0,0.72,240.0,267367.0,1
2025-11-04,1101.0,1101.0,1101.0,1101.0,-1.96,25.0,27525.0,-1
2025-11-06,1100.0,1100.0,1100.0,1100.0,-0.09,25.0,27500.0,-1
2025-11-09,1088.0,1088.0,1088.0,1088.0,-1.09,100.0,108800.0,-1
2025-11-10,1100.0,1100.0,1100.0,1100.0,1.1,25.0,27500.0,1
2025-11-11,1089.0,1089.0,1089.0,1089.0,-1.0,25.0,27225.0,-1
2025-11-13,1110.7,1110.7,1110.7,1110.7,1.99,75.0,83302.5,1
2025-11-16,1110.1,1110.1,1110.1,1110.1,-0.05,25.0,27752.5,-1
2025-11-17,1112.1,1112.1,1112.1,1112.1,0.18,25.0,27802.5,1
2025-11-18,1112.1,1112.1,1112.1,1112.1,0.0,25.0,27802.5,0
2025-11-24,1105.0,1105.0,1105.0,1105.0,-0.64,30.0,33150.0,-1
2025-11-25,1101.0,1101.0,1101.0,1101.0,-0.36,25.0,27525.0,-1
2025-11-26,1101.0,1101.0,1101.0,1101.0,0.0,30.0,33030.0,0
2025-11-30,1123.0,1123.0,1123.0,1123.0,2.0,450.0,505350.0,1
2025-12-01,1102.3,1102.3,1102.3,1102.3,-1.84,25.0,27557.5,-1
2025-12-03,1101.0,1101.0,1101.0,1101.0,-0.12,25.0,27525.0,-1
2025-12-10,1106.0,1106.0,1106.0,1106.0,0.45,25.0,27650.0,1
2025-12-11,1103.0,1103.0,1103.0,1103.0,-0.27,25.0,27575.0,-1
2025-12-16,1111.0,1111.0,1111.0,1111.0,0.73,30.0,33330.0,1
2025-12-18,1111.0,1111.0,1111.0,1111.0,0.0,25.0,27775.0,0
2025-12-21,1103.1,1103.1,1103.1,1104.0,-0.63,27.0,29785.5,-1
2025-12-22,1111.0,1111.0,1111.0,1111.0,0.63,75.0,83325.0,1
2025-12-23,1121.0,1121.0,1121.0,1121.0,0.9,25.0,28025.0,1
2025-12-24,1111.0,1125.0,1111.0,1125.0,0.36,100.0,111450.0,1
2025-12-28,1108.0,1108.0,1108.0,1108.0,-1.51,25.0,27700.0,-1
2025-12-29,1120.0,1125.0,1120.0,1125.0,1.53,77.0,86375.0,1
2025-12-31,1147.5,1150.0,1147.5,1150.0,2.22,430.0,494375.0,1
2026-01-01,1150.0,1150.0,1150.0,1150.0,0.0,25.0,28750.0,0
2026-03-19,1127.0,1127.0,1092.0,1100.0,-4.35,125.0,138117.5,-1
2026-03-22,1100.0,1100.0,1100.0,1100.0,0.0,55.0,60500.0,0
2026-03-23,1080.0,1080.0,1080.0,1079.0,-1.91,30.0,32395.0,-1
2026-03-24,1090.0,1110.0,1090.0,1110.0,2.87,550.0,609125.0,1
2026-03-25,1088.7,1088.7,1088.7,1088.7,-1.92,25.0,27217.5,-1
2026-03-26,1110.0,1110.0,1088.0,1088.0,-0.06,50.0,54950.0,-1
2026-03-30,1072.0,1072.0,1069.1,1069.1,-1.74,75.0,80327.5,-1
2026-03-31,1077.0,1077.0,1077.0,1077.0,0.74,25.0,26925.0,1
2026-04-02,1071.4,1071.4,1071.4,1071.4,-0.52,25.0,26785.0,-1
2026-04-05,1086.0,1087.0,1086.0,1087.0,1.46,150.0,163025.0,1
2026-04-06,1072.0,1072.0,1072.0,1072.0,-1.38,25.0,26800.0,-1
2026-04-08,1075.1,1092.9,1075.1,1078.0,0.56,150.0,162618.8,1
2026-04-09,1075.0,1099.0,1075.0,1099.0,1.95,75.0,81600.0,1
2026-04-13,1077.1,1077.1,1077.1,1077.1,-1.99,25.0,26927.5,-1
2026-04-15,1073.0,1088.0,1073.0,1088.0,1.01,55.0,59390.0,1
2026-04-20,1080.0,1080.0,1080.0,1072.1,-1.46,102.0,110144.2,-1
2026-04-21,1080.0,1080.0,1080.0,1080.0,0.74,25.0,27000.0,1
2026-04-22,1081.0,1082.0,1081.0,1082.0,0.19,100.0,108152.5,1
2026-04-23,1083.0,1083.0,1083.0,1083.0,0.09,25.0,27075.0,1
2026-04-24,1083.0,1077.5,1076.6,1077.5,-0.51,75.0,80777.5,-1
2026-04-28,1077.5,1077.5,1077.5,1076.0,-0.14,6.0,6489.0,-1
2026-04-29,1076.0,1070.0,1070.0,1070.0,-0.56,25.0,26750.0,-1
2026-04-30,1072.1,1072.1,1072.1,1072.1,0.2,25.0,26802.5,1
2026-05-04,1075.0,1075.0,1073.1,1073.1,0.09,101.0,108477.1,1
2026-05-06,1075.0,1075.0,1073.1,1073.1,0.0,50.0,53702.5,0
2026-05-11,1072.1,1072.1,1072.0,1072.0,-0.1,50.0,53604.0,-1
2026-05-12,1072.1,1098.0,1072.1,1098.0,2.43,232.0,253148.5,1
2026-05-13,1076.0,1076.0,1076.0,1075.0,-2.09,25.0,26895.0,-1
2026-05-14,1095.0,1100.0,1080.0,1080.0,0.47,180.0,195842.5,1
2026-05-18,1072.1,1072.1,1072.1,1072.1,-0.73,25.0,26802.5,-1
2026-05-19,1080.0,1080.0,1080.0,1080.0,0.74,25.0,27000.0,1
2026-05-21,1080.0,1082.0,1080.0,1081.1,0.1,55.0,59455.5,1
2026-05-22,1078.3,1078.3,1078.3,1078.3,-0.26,25.0,26957.5,-1
2026-05-26,1077.3,1105.0,1077.3,1105.0,2.48,75.0,82057.5,1
2026-05-27,1090.0,1090.0,1060.0,1060.0,-4.07,3162.0,3355062.5,-1
2026-06-01,1091.8,1091.8,1091.8,1091.8,3.0,25.0,27295.0,1
2026-06-03,1086.1,1086.1,1086.1,1086.1,-0.52,30.0,32583.0,-1
2026-06-04,1100.0,1150.0,1100.0,1145.0,5.42,302314.0,340153074.3,1
2026-06-05,1142.0,1145.0,1130.0,1145.0,0.0,110185.0,126159499.0,0
2026-06-08,1137.0,1137.0,1105.0,1105.0,-3.49,221.0,250957.0,-1
2026-06-09,1100.0,1100.0,1100.0,1100.0,-0.45,25.0,27500.0,-1
2026-06-10,1050.0,1085.0,1050.0,1085.0,-1.36,85.0,91787.5,-1
2026-06-11,1050.0,1080.0,1050.0,1080.0,-0.46,40.0,42900.0,-1
2026-06-12,1112.4,1112.4,1112.4,1112.4,3.0,55.0,61182.0,1
2026-06-15,1091.0,1091.0,1091.0,1091.0,-1.92,50.0,54550.0,-1
2026-06-16,1123.0,1123.7,1123.0,1123.7,3.0,275.0,309000.0,1
2026-06-17,1125.0,1125.0,1125.0,1125.0,0.12,90000.0,101250000.0,1
2026-06-19,1100.0,1100.0,1100.0,1100.0,-2.22,105.0,115500.0,-1
2026-06-22,1078.0,1078.0,1073.0,1068.2,-2.89,200.0,214941.0,-1
2026-06-23,1090.0,1090.1,1082.1,1082.1,1.3,65.0,70623.0,1
2026-06-24,1081.1,1082.0,1081.1,1082.0,-0.01,50.0,54077.5,-1
2026-06-25,1087.0,1087.0,1087.0,1087.0,0.46,15.0,16305.0,1
2026-06-26,1100.0,1100.0,1100.0,1100.0,1.2,300.0,330000.0,1
2026-06-30,1101.0,1101.0,1101.0,1101.0,0.09,25.0,27525.0,1
2026-07-01,1090.0,1090.0,1090.0,1090.0,-1.0,25.0,27250.0,-1
2026-07-02,1086.0,1086.0,1086.0,1086.0,-0.37,25.0,27150.0,-1
2026-07-03,1081.0,1085.0,1081.0,1085.0,-0.09,55.0,59555.0,-1
2026-07-07,1089.9,1089.9,1081.1,1082.1,-0.27,70.0,75838.5,-1
2026-07-08,1080.3,1080.3,1080.3,1080.3,-0.16,25.0,27007.5,-1
2026-07-10,1095.0,1100.0,1095.0,1100.0,1.82,45.0,49375.0,1
2026-07-15,1095.0,1100.0,1095.0,1100.0,0.0,5025.0,5527375.0,0
2026-07-16,1125.0,1125.0,1125.0,1125.0,2.27,10.0,11250.0,1
2026-07-17,1091.3,1091.3,1091.3,1091.3,-3.0,25.0,27282.5,-1
2026-07-20,1099.0,1100.0,1099.0,1100.0,0.8,575.0,632475.0,1
2026-07-21,1085.0,1100.0,1085.0,1100.0,0.0,105.0,114325.0,0
2026-07-22,1095.0,1095.0,1095.0,1095.0,-0.45,25.0,27375.0,-1
2026-07-24,1105.0,1105.0,1105.0,1105.0,0.91,57.0,62985.0,1
2026-07-27,1100.4,1100.4,1100.4,1100.4,-0.42,300.0,330120.0,-1
2026-07-28,1100.4,1100.4,1100.0,1100.0,-0.04,75.0,82510.0,-1
2026-07-29,1120.0,1130.0,1100.1,1100.1,0.01,5135.0,5801577.5,1
2026-08-03,1081.0,1081.0,1081.0,1081.0,-1.74,25.0,27025.0,-1
2026-08-11,1050.8,1050.8,1050.8,1050.8,-2.79,25.0,26270.0,-1
2026-08-12,1070.0,1070.0,1070.0,1070.0,1.83,25.0,26750.0,1
2026-08-20,1070.0,1070.0,1070.0,1070.0,0.0,25.0,26750.0,0
2026-08-26,1055.2,1055.2,1055.1,1055.1,-1.39,25.0,26379.0,-1
